<?xml version="1.0"?>
<!-- RELOAD Schema Helper File v1.2 -->
<schemahelper>
   <!-- Paths take order of precedence. Therefore the ordering of this list is important -->
   <!-- Paths nearer the start of the list take precedence; start with the longest path and end with the shortest path -->
   <!-- For example, "source/langstring@xml:lang" will resolve before "langstring@xml:lang" -->

   <!-- Attributes first -->
   <element path="@type" fname="Type">
      <tip>Type</tip>
   </element>
   <element path="@xml:lang" fname="Language">
      <tip>Choose Language</tip>
   </element>

   <!-- Elements -->
   <element path="aggregationlevel" fname="Aggregation Level">
      <tip><![CDATA[The functional size of the resource.<br><br>
         Level 1 means smallest level of aggregation, e.g. raw media data or fragments.<br>
         Level 2 refers to a collection of atoms, e.g. an HTML document with some embedded pictures or a lesson.<br>
         Level 3 indicates a collection of level 1 resources, e.g. a 'web' of HTML documents, with an index page
         that links the pages together or a unit.<br>
         Finally, level 4 refers to the largest level of granularity, e.g. a course.]]>
      </tip>
   </element>
   <element path="annotation" fname="Annotation">
      <tip>Comments on the educational use of the learning object.</tip>
   </element>
   <element path="catalogentry" fname="Catalog Entry">
      <tip>Designation given to resource or meta-data instance.</tip>
   </element>
   <element path="catalogue" fname="Catalogue">
      <tip>Source of following string value. Generally the name of the catalogue</tip>
   </element>
   <element path="centity" fname="Entity">
      <tip>Entity or entities involved, most relevant first.</tip>
   </element>
   <element path="classification" fname="Classification">
      <tip>Description of a characteristic of the resource by entries in classifications.</tip>
   </element>
   <element path="learningcontext" fname="Learning Context">
      <tip>The typical learning environment where use of learning object is intended to take place.</tip>
   </element>
   <element path="contribute" fname="Contribution">
      <tip>Persons or organizations contributing to the resource or meta-data (includes creation, edits, and publication).</tip>
   </element>
   <element path="copyrightandotherrestrictions" fname="Copyright and other restrictions">
      <tip>Whether copyright or other restrictions apply.</tip>
   </element>
   <element path="cost" fname="Cost">
      <tip>Whether use of the resource requires payment.</tip>
   </element>
   <element path="coverage" fname="Coverage">
      <tip>Temporal / spatial characteristics of content (e.g., historical context).</tip>
   </element>
   <element path="date" fname="Date">
      <tip>Date of contribution.</tip>
   </element>
   <element path="datetime" fname="Date/Time">
      <tip>Date and Time</tip>
   </element>
   <element path="date/description" fname="Description">
      <tip>Date and Time Description</tip>
   </element>
   <element path="general/description" fname="Description">
      <tip>Describes learning object's content.</tip>
   </element>
   <element path="educational/description" fname="Description">
      <tip>Comments on how the learning object is to be used.</tip>
   </element>
   <element path="rights/description" fname="Description">
      <tip>Comments on the conditions of use of the resource.</tip>
   </element>
   <element path="relation/resource/description" fname="Description">
      <tip>Description of the other resource.</tip>
   </element>
   <element path="annotation/description" fname="Description">
      <tip>The content of the annotation.</tip>
   </element>
   <element path="classification/description" fname="Description">
      <tip>A textual description of learning object relative to its stated purpose.</tip>
   </element>
   <element path="description" fname="Description">
      <tip>Description.</tip>
   </element>
   <element path="difficulty" fname="Difficulty">
      <tip>How hard it is to work through the learning object for the typical target audience.</tip>
   </element>
   <element path="duration" fname="Duration">
      <tip>Time a continuous learning object takes when played at intended speed, in seconds.</tip>
   </element>
   <element path="educational" fname="Educational">
      <tip>Educational or pedagogic features of the learning object.</tip>
   </element>
   <element path="entry" fname="Entry">
      <tip>Generally the number in the catalog named in Catalog (1.3.1).</tip>
   </element>
   <element path="format" fname="Format">
      <tip>Technical data type of the resource.</tip>
   </element>
   <element path="general" fname="General">
      <tip>Groups information describing learning object as a whole.</tip>
   </element>
   <element path="id" fname="ID">
      <tip>Taxon’s identifier in taxonomic system</tip>
   </element>
   <element path="general/identifier" fname="Identifier">
      <tip>Globally unique label for learning object.</tip>
   </element>
   <element path="metametadata/identifier" fname="Identifier">
      <tip>A unique label for the meta-data.</tip>
   </element>
   <element path="relation/resource/identifier" fname="Identifier">
      <tip>Unique Identifier of the other resource.</tip>
   </element>
   <element path="installationremarks" fname="Installation remarks">
      <tip>Description on how to install the resource.</tip>
   </element>
   <element path="intendedenduserrole" fname="Intended end user role">
      <tip>Normal user of the learning object, most dominant first.</tip>
   </element>
   <element path="interactivitylevel" fname="Interactivity level">
      <tip>Level of interactivity between an end user and the learning object.</tip>
   </element>
   <element path="interactivitytype" fname="Interactivity type">
      <tip>The type of interactivity supported by the learning object.</tip>
   </element>
   <element path="keywords" fname="Keywords">
      <tip><![CDATA[Contains keyword description of the resource.<br><br>
         It is <i>strongly</i> recommended not to use this element for characteristics that can be described by other elements.]]>
      </tip>
   </element>
   <element path="kind" fname="Kind">
      <tip>Nature of the relationship between the resource being described and the one identified by Resource</tip>
   </element>
   <element path="langstring" fname="LangString">
      <tip>Language String. Enter your text here and choose a language.</tip>
      <widget>textpane</widget>
   </element>
   <element path="language" fname="Language">
      <tip>Learning object's language (can be Language without Country subcode;
        implies intended language of target audience). "None" is also acceptable.
      </tip>
   </element>
   <element path="learningresourcetype" fname="Learning resource type">
      <tip>Specific kind of resource, most dominant kind first.</tip>
   </element>
   <element path="lifecycle" fname="Life Cycle">
      <tip>History and current state of resource.</tip>
   </element>
   <element path="location" fname="Location">
      <tip>A location or a method that resolves to a location of the resource. Preferable Location first.</tip>
   </element>
   <element path="record" fname="Metadata">
      <tip>The root node.</tip>
   </element>
   <element path="maximumversion" fname="Maximum version">
      <tip>Highest version of the required item.</tip>
   </element>
   <element path="metadatascheme" fname="Metadatascheme">
      <tip>Names the structure of the meta-data (this includes version).</tip>
   </element>
   <element path="metametadata" fname="Metametadata">
      <tip>Features of the description rather than the resource.</tip>
   </element>
   <element path="minimumversion" fname="Minimum version">
      <tip>Lowest version of the required item.</tip>
   </element>
   <element path="name" fname="Name">
      <tip>Name of the required item.</tip>
   </element>
   <element path="otherplatformrequirements" fname="Other platform requirements">
      <tip>Information about other software and hardware requirements.</tip>
   </element>
   <element path="person" fname="Person">
      <tip>Annotator.</tip>
   </element>
   <element path="purpose" fname="Purpose">
      <tip>Characteristics of the resource described by this classification entry.</tip>
   </element>
   <element path="relation" fname="Relation">
      <tip>Features of the resource in relationship to other learning objects.</tip>
   </element>
   <element path="requirement" fname="Requirement">
      <tip>Needs in order to access the resource. If there are multiple requirements,
        then the logical connector is AND.
      </tip>
   </element>
   <element path="requirements" fname="Requirements">
      <tip>Needs in order to access the resource. If there are multiple requirements,
        then the logical connector is AND.
      </tip>
   </element>
   <element path="resource" fname="Resource">
      <tip>Resource the relationship holds for.</tip>
   </element>
   <element path="rights" fname="Rights">
      <tip>Conditions of use of the resource.</tip>
   </element>
   <element path="role" fname="Role">
      <tip>Kind of contribution.</tip>
   </element>
   <element path="semanticdensity" fname="Semantic density">
      <tip>Subjective measure of the learning object's usefulness as compared to its size or duration.</tip>
   </element>
   <element path="size" fname="Size">
      <tip>The size of the digital resource in bytes. Only the digits '0' - '9' should
        be used; the unit is bytes, not MBytes, GB, etc.
      </tip>
      <widget>numberfield</widget>
      <maxLength>30</maxLength>
   </element>
   <element path="source" fname="Source">
      <tip>Source of vocabulary item(s).</tip>
   </element>
   <element path="status" fname="Status">
      <tip>Learning object's editorial condition.</tip>
   </element>
   <element path="structure" fname="Structure">
      <tip>Underlying organizational structure of the resource.</tip>
   </element>
   <element path="taxon" fname="Taxon">
      <tip>An entry in a classification. An ordered list of Taxons creates a taxonomic path,
        i.e. "taxonomic stairway": this is a path from a more general to more specific entry in a
        classification.
      </tip>
   </element>
   <element path="taxonpath" fname="Taxon path">
      <tip>A taxonomic path in a specific classification.</tip>
   </element>
   <element path="technical" fname="Technical">
      <tip>Technical features of the learning object.</tip>
   </element>
   <element path="title" fname="Title">
      <tip>Learning object’s name.</tip>
   </element>
   <element path="type" fname="Type">
      <tip>Type of requirement</tip>
   </element>
   <element path="typicalagerange" fname="Typical age range">
      <tip>Age of the typical intended user.</tip>
   </element>
   <element path="typicallearningtime" fname="Typical learning time">
      <tip>Approximate or typical time it takes to work with the resource.</tip>
   </element>
   <element path="value" fname="Value">
      <tip>Value of the text entry.</tip>
   </element>
   <element path="vcard" fname="VCard">
      <tip>VCard for this person.</tip>
      <widget>textpane</widget>
   </element>
   <element path="version" fname="Version">
      <tip>The edition of the learning object.</tip>
   </element>


</schemahelper>
