<?xml version="1.0"?>
<!-- RELOAD Schema Vocabulary Helper File v1.0 -->
<vocab lang="en">

  <!-- Paths take order of precedence. Therefore the ordering of this list is important -->
  <!-- Paths nearer the start of the list take precedence; start with the longest path and end with the shortest path -->
  <!-- For example, "source/langstring@xml:lang" will resolve before "langstring@xml:lang" -->
  <!-- Use a "none" list to over-ride a default list -->

  <!-- The element mappings to lists -->
  <element path="lom/general/coverage/langstring" list="coverage"/>
  <element path="lom/general/structure/value/langstring" list="structure"/>
  <element path="lom/general/aggregationlevel/value/langstring" list="aggregationlevel"/>
  <element path="lom/lifecycle/status/value/langstring" list="status"/>
  <element path="lom/lifecycle/contribute/role/value/langstring" list="lifecycle_role"/>
  <element path="lom/metametadata/contribute/role/value/langstring" list="metametadata_role"/>
  <element path="lom/technical/format" list="format"/>
  <element path="lom/technical/requirement/type/value/langstring" list="requirement_type"/>
  <element path="lom/technical/requirement/name/value/langstring" list="requirement_name"/>
  <element path="lom/educational/interactivitytype/value/langstring" list="educational_interactivitytype"/>
  <element path="lom/educational/learningresourcetype/value/langstring" list="educational_learningresourcetype"/>
  <element path="lom/educational/interactivitylevel/value/langstring" list="level_density"/>
  <element path="lom/educational/semanticdensity/value/langstring" list="level_density"/>
  <element path="lom/educational/intendedenduserrole/value/langstring" list="educational_intendedenduserrole"/>
  <element path="lom/educational/context/value/langstring" list="educational_context"/>
  <element path="lom/educational/difficulty/value/langstring" list="educational_difficulty"/>
  <element path="lom/rights/cost/value/langstring" list="yesno"/>
  <element path="lom/rights/copyrightandotherrestrictions/value/langstring" list="yesno"/>
  <element path="lom/relation/kind/value/langstring" list="relation_kind"/>
  <element path="lom/classification/purpose/value/langstring" list="classification_purpose"/>
  <element path="lom/classification/taxonpath/source/langstring" list="none"/>
  <!-- Partial paths -->
  <element path="language" list="lang"/>
  <!--<element path="source/langstring" list="ltsn"/> -->
  <element path="source/langstring" list="lom"/>
  <element path="source/langstring@xml:lang" list="x-none"/>
  <element path="value/langstring@xml:lang" list="x-none"/>
  <element path="langstring@xml:lang" list="lang"/>

  <vocabList name="ltsn" default="LTSN">
    <item>LTSN</item>
  </vocabList>

<vocabList name="lom" default="LOMv1.0">
    <item>LOMv1.0</item>
  </vocabList>
  
  <vocabList name="x-none" default="x-none">
    <item>x-none</item>
  </vocabList>

  <vocabList name="aggregationlevel">
    <item></item>
    <item>1</item>
    <item>2</item>
    <item>3</item>
    <item>4</item>
  </vocabList>

  <vocabList name="coverage">
    <item></item>
    <item>UK</item>
    <item>England</item>
    <item>Scotland</item>
    <item>Wales</item>
    <item>Northern Ireland</item>
    <item>Other</item>
  </vocabList>

  <vocabList name="structure">
    <item></item>
    <item>Atomic</item>
    <item>Branched</item>
    <item>Collection</item>
    <item>Hierarchical</item>
    <item>Linear</item>
    <item>Mixed</item>
    <item>Networked</item>
    <item>Parceled</item>
  </vocabList>

  <vocabList name="status">
    <item></item>
    <item>Draft</item>
    <item>Final</item>
    <item>Revised</item>
    <item>Unavailable</item>
  </vocabList>

  <vocabList name="lifecycle_role">
    <item></item>
    <item>Author</item>
    <item>Content Provider</item>
    <item>Editor</item>
    <item>Educational Validator</item>
    <item>Graphical Designer</item>
    <item>Initiator</item>
    <item>Instructional Designer</item>
    <item>Publisher Unknown</item>
    <item>Script Writer</item>
    <item>Technical Implementer</item>
    <item>Technical Validator</item>
    <item>Terminator</item>
    <item>Validator</item>
  </vocabList>

  <vocabList name="metametadata_role">
    <item></item>
    <item>Creator</item>
    <item>Validator</item>
  </vocabList>

  <vocabList name="format">
    <item></item>
    <item>Word</item>
    <item>HTML</item>
    <item>PDF</item>
    <item>Text</item>
    <item>RTF</item>
    <item>Paper</item>
    <item>Other</item>
  </vocabList>

  <vocabList name="requirement_type">
    <item></item>
    <item>Browser</item>
    <item>Operating System</item>
  </vocabList>

  <vocabList name="requirement_name">
    <item></item>
    <item>Amaya</item>
    <item>Any</item>
    <item>MacOS</item>
    <item>Microsoft Internet Explorer</item>
    <item>MS-Windows</item>
    <item>Multi-OS</item>
    <item>Netscape Communicator</item>
    <item>None</item>
    <item>Opera</item>
    <item>PC-DOS</item>
    <item>Unix</item>
  </vocabList>

  <vocabList name="educational_interactivitytype">
    <item></item>
    <item>Active</item>
    <item>Expositive</item>
    <item>Mixed</item>
    <item>Undefined</item>
  </vocabList>

  <vocabList name="educational_learningresourcetype">
    <item></item>
    <item>Diagram</item>
    <item>Exam</item>
    <item>Exercise</item>
    <item>Experiment</item>
    <item>Figure</item>
    <item>Graph</item>
    <item>Index</item>
    <item>Narrative Text</item>
    <item>ProblemStatement</item>
    <item>Questionnaire</item>
    <item>SelfAssessment</item>
    <item>Simulation</item>
    <item>Slide</item>
    <item>Table</item>
  </vocabList>

  <vocabList name="level_density">
    <item></item>
    <item>very low</item>
    <item>low</item>
    <item>medium</item>
    <item>high</item>
    <item>very high</item>
  </vocabList>

  <vocabList name="educational_intendedenduserrole">
    <item></item>
    <item>Author</item>
    <item>Learner</item>
    <item>Manager</item>
    <item>Teacher</item>
  </vocabList>

  <vocabList name="educational_context">
    <item></item>
    <item>Continuous Formation</item>
    <item>Higher Education</item>
    <item>Primary Education</item>
    <item>Professional Formation</item>
    <item>Secondary Education</item>
    <item>Technical School First Cycle</item>
    <item>Technical School Second Cycle</item>
    <item>University First Cycle</item>
    <item>University Postgrade</item>
    <item>University Second Cycle</item>
    <item>Vocational Training</item>
  </vocabList>

  <vocabList name="educational_difficulty">
    <item></item>
    <item>very easy</item>
    <item>easy</item>
    <item>medium</item>
    <item>difficult</item>
    <item>very difficult</item>
  </vocabList>

  <vocabList name="relation_kind">
    <item></item>
    <item>HasFormat</item>
    <item>HasPart</item>
    <item>HasVersion</item>
    <item>IsBasedOn</item>
    <item>IsBasisFor</item>
    <item>IsFormatOf</item>
    <item>IsPartOf</item>
    <item>IsReferencedBy</item>
    <item>IsRequiredBy</item>
    <item>IsVersionOf</item>
    <item>References</item>
    <item>Requires</item>
  </vocabList>

  <vocabList name="classification_purpose">
    <item></item>
    <item>Accessibility Restrictions</item>
    <item>Discipline</item>
    <item>Educational Level</item>
    <item>Educational Objective</item>
    <item>Idea</item>
    <item>Prerequisite</item>
    <item>Security Level</item>
    <item>Skill Level</item>
  </vocabList>

</vocab>
