<?xml version="1.0"?>
<!-- RELOAD Schema Vocabulary Helper File v1.0 -->
<vocab lang="en">

  <!-- Paths take order of precedence. Therefore the ordering of this list is important -->
  <!-- Paths nearer the start of the list take precedence; start with the longest path and end with the shortest path -->
  <!-- For example, "source/langstring@xml:lang" will resolve before "langstring@xml:lang" -->

  <element path="item@isvisible" list="itemList"/>
  <element path="resource@type" list="typeList"/>
  <element path="organization@structure" list="organizationList"/>

  <vocabList name="itemList" default="true">
    <item>true</item>
    <item>false</item>
  </vocabList>

  <vocabList name="typeList" default="webcontent">
    <item>text/html</item>
    <item>webcontent</item>
  </vocabList>

  <vocabList name="organizationList" default="hierarchical">
    <item>hierarchical</item>
  </vocabList>
</vocab>
