<?xml version="1.0"?>
<!-- RELOAD Schema Vocabulary Helper File v1.0 -->
<vocab lang="en">

  <!-- Paths take order of precedence. Therefore the ordering of this list is important -->
  <!-- Paths nearer the start of the list take precedence; start with the longest path and end with the shortest path -->
  <!-- For example, "source/langstring@xml:lang" will resolve before "langstring@xml:lang" -->
  <!-- Use a "none" list to over-ride a default list -->

  <!-- The element mappings to lists -->
  <element path="record/metametadata/contribute/role/langstring" list="metametadata_role"/>
  <element path="record/general/structure/langstring" list="structure"/>
  <element path="record/general/aggregationlevel" list="aggregationlevel"/>
  <element path="record/lifecycle/status/langstring" list="status"/>
  <element path="record/lifecycle/contribute/role/langstring" list="lifecycle_role"/>
  <element path="record/technical/format/langstring" list="format"/>
  <element path="record/technical/requirements/type/langstring" list="requirement_type"/>
  <element path="record/technical/requirements/name/langstring" list="requirement_name"/>
  <element path="record/educational/interactivitytype/langstring" list="educational_interactivitytype"/>
  <element path="record/educational/learningresourcetype/langstring" list="educational_learningresourcetype"/>
  <element path="record/educational/interactivitylevel/langstring" list="level_density"/>
  <element path="record/educational/semanticdensity" list="educational_semanticdensity"/>
  <element path="record/educational/intendedenduserrole/langstring" list="educational_intendedenduserrole"/>
  <element path="record/educational/learningcontext/langstring" list="educational_context"/>
  <element path="record/educational/difficulty" list="educational_difficulty"/>
  <element path="record/relation/kind/langstring" list="relation_kind"/>
  <element path="record/classification/purpose/langstring" list="classification_purpose"/>

  <!-- Partial paths -->
  <element path="language" list="lang"/>
  <element path="langstring@xml:lang" list="lang"/>

  <vocabList name="aggregationlevel">
    <item></item>
    <item>1</item>
    <item>2</item>
    <item>3</item>
    <item>4</item>
  </vocabList>

  <vocabList name="structure">
    <item></item>
    <item>Atomic</item>
    <item>Branched</item>
    <item>Collection</item>
    <item>Hierarchical</item>
    <item>Linear</item>
    <item>Mixed</item>
    <item>Networked</item>
    <item>Parceled</item>
  </vocabList>

  <vocabList name="status">
    <item></item>
    <item>Draft</item>
    <item>Final</item>
    <item>Revised</item>
    <item>Unavailable</item>
  </vocabList>

  <vocabList name="lifecycle_role">
    <item></item>
    <item>Author</item>
    <item>Content Provider</item>
    <item>Editor</item>
    <item>Educational Validator</item>
    <item>Graphical Designer</item>
    <item>Initiator</item>
    <item>Instructional Designer</item>
    <item>Publisher Unknown</item>
    <item>Script Writer</item>
    <item>Technical Implementer</item>
    <item>Technical Validator</item>
    <item>Terminator</item>
    <item>Validator</item>
  </vocabList>

  <vocabList name="metametadata_role">
    <item></item>
    <item>Creator</item>
    <item>Validator</item>
  </vocabList>

  <vocabList name="format">
    <item></item>
    <item>application/excel</item>
    <item>application/mspowerpoint</item>
    <item>application/msword</item>
    <item>application/pdf</item>
    <item>application/x-javascript</item>
    <item>application/x-troff-msvideo</item>
    <item>application/x-shockwave-flash</item>
    <item>application/x-compressed</item>
    <item>application/x-zip-compressed</item>
    <item>application/zip</item>
    <item>audio/aiff</item>
    <item>audio/x-aiff</item>
    <item>audio/midi</item>
    <item>audio/mpegaudio/mpeg</item>
    <item>audio/x-mpeg</item>
    <item>audio/mpeg3</item>
    <item>audio/x-mpeg3</item>
    <item>audio/wav</item>
    <item>audio/x-wav</item>
    <item>image/bmp</item>
    <item>image/x-windows-bmp</item>
    <item>image/gif</item>
    <item>image/jpeg</item>
    <item>image/pict</item>
    <item>image/x-quicktime</item>
    <item>image/tiff</item>
    <item>image/x-tiff</item>
    <item>text/x-asm</item>
    <item>text/plain</item>
    <item>text/css</item>
    <item>text/html</item>
    <item>text/richtext</item>
    <item>text/xml</item>
    <item>video/x-ms-asf</item>
    <item>video/avi</item>
    <item>video/msvideo</item>
    <item>video/x-msvideo</item>
    <item>video/mpeg</item>
    <item>video/quicktime</item>
    <item>video/mpeg</item>
    <item>video/x-mpeg</item>
  </vocabList>

  <vocabList name="requirement_type">
    <item></item>
    <item>Browser</item>
    <item>Operating System</item>
  </vocabList>

  <vocabList name="requirement_name">
    <item></item>
    <item>Amaya</item>
    <item>Any</item>
    <item>MacOS</item>
    <item>Microsoft Internet Explorer</item>
    <item>MS-Windows</item>
    <item>Multi-OS</item>
    <item>Netscape Communicator</item>
    <item>None</item>
    <item>Opera</item>
    <item>PC-DOS</item>
    <item>Unix</item>
  </vocabList>

  <vocabList name="educational_interactivitytype">
    <item></item>
    <item>Active</item>
    <item>Expositive</item>
    <item>Mixed</item>
    <item>Undefined</item>
  </vocabList>

  <vocabList name="educational_learningresourcetype">
    <item></item>
    <item>Diagram</item>
    <item>Exam</item>
    <item>Exercise</item>
    <item>Experiment</item>
    <item>Figure</item>
    <item>Graph</item>
    <item>Index</item>
    <item>Narrative Text</item>
    <item>ProblemStatement</item>
    <item>Questionnaire</item>
    <item>SelfAssessment</item>
    <item>Simulation</item>
    <item>Slide</item>
    <item>Table</item>
  </vocabList>

  <vocabList name="level_density">
    <item></item>
    <item>very low</item>
    <item>low</item>
    <item>medium</item>
    <item>high</item>
    <item>very high</item>
  </vocabList>

  <vocabList name="educational_intendedenduserrole">
    <item></item>
    <item>Author</item>
    <item>Learner</item>
    <item>Manager</item>
    <item>Teacher</item>
  </vocabList>

  <vocabList name="educational_context">
    <item></item>
    <item>Continuous Formation</item>
    <item>Higher Education</item>
    <item>Primary Education</item>
    <item>Professional Formation</item>
    <item>Secondary Education</item>
    <item>Technical School First Cycle</item>
    <item>Technical School Second Cycle</item>
    <item>University First Cycle</item>
    <item>University Postgrade</item>
    <item>University Second Cycle</item>
    <item>Vocational Training</item>
  </vocabList>

  <vocabList name="educational_difficulty">
    <item></item>
    <item>0</item>
    <item>1</item>
    <item>2</item>
    <item>3</item>
    <item>4</item>
  </vocabList>

  <vocabList name="educational_semanticdensity">
    <item></item>
    <item>0</item>
    <item>1</item>
    <item>2</item>
    <item>3</item>
    <item>4</item>
  </vocabList>

  <vocabList name="relation_kind">
    <item></item>
    <item>HasFormat</item>
    <item>HasPart</item>
    <item>HasVersion</item>
    <item>IsBasedOn</item>
    <item>IsBasisFor</item>
    <item>IsFormatOf</item>
    <item>IsPartOf</item>
    <item>IsReferencedBy</item>
    <item>IsRequiredBy</item>
    <item>IsVersionOf</item>
    <item>References</item>
    <item>Requires</item>
  </vocabList>

  <vocabList name="classification_purpose">
    <item></item>
    <item>Accessibility Restrictions</item>
    <item>Discipline</item>
    <item>Educational Level</item>
    <item>Educational Objective</item>
    <item>Idea</item>
    <item>Prerequisite</item>
    <item>Security Level</item>
    <item>Skill Level</item>
  </vocabList>

</vocab>
