<?xml version="1.0"?>
<!-- RELOAD Metadata Profile -->
<!-- This is the default Profile - do not edit or delete! -->
<profile vocabfile="IMS LRM Vocab.xml" schemahelperfile="IMS MD Helper.xml">

  <group name="General">
    <element name="Identifier" path="lom/general/identifier"/>
    <element name="Title" path="lom/general/title/langstring"/>
    <group name="Catalog Entry">
      <element name="Catalog" path="lom/general/catalogentry/catalog"/>
      <element name="Entry" path="lom/general/catalogentry/entry/langstring"/>
    </group>
    <element name="Language" path="lom/general/language"/>
    <element name="Description" path="lom/general/description/langstring"/>
    <element name="Keyword" path="lom/general/keyword/langstring"/>
    <element name="Coverage" path="lom/general/coverage/langstring"/>
    <element name="Structure" path="lom/general/structure/value/langstring"/>
    <element name="Aggregation Level" path="lom/general/aggregationlevel/value/langstring"/>
  </group>

  <group name="Life Cycle">
    <element name="Version" path="lom/lifecycle/version/langstring"/>
    <element name="Status" path="lom/lifecycle/status/value/langstring"/>
    <group name="Contribution">
      <element name="Role" path="lom/lifecycle/contribute/role/value/langstring"/>
      <element name="VCard" path="lom/lifecycle/contribute/centity/vcard"/>
      <element name="Date" path="lom/lifecycle/contribute/date/datetime"/>
    </group>
  </group>

  <group name="Meta-metadata">
    <element name="Identifier" path="lom/metametadata/identifier"/>
    <group name="Catalog Entry">
      <element name="Catalog" path="lom/metametadata/catalogentry/catalog"/>
      <element name="Entry" path="lom/metametadata/catalogentry/entry/langstring"/>
    </group>
    <group name="Contribution">
      <element name="Role" path="lom/metametadata/contribute/role/value/langstring"/>
      <element name="VCard" path="lom/metametadata/contribute/centity/vcard"/>
      <element name="Date" path="lom/metametadata/contribute/date/datetime"/>
    </group>
    <element name="Metadatascheme" path="lom/metametadata/metadatascheme"/>
    <element name="Language" path="lom/metametadata/language"/>
  </group>

  <group name="Technical">
    <element name="Format" path="lom/technical/format"/>
    <element name="Size" path="lom/technical/size"/>
    <element name="Location" path="lom/technical/location"/>
    <group name="Requirement">
      <element name="Type" path="lom/technical/requirement/type/value/langstring"/>
      <element name="Name" path="lom/technical/requirement/name/value/langstring"/>
      <element name="Minimum Version" path="lom/technical/requirement/minimumversion"/>
      <element name="Maximum Version" path="lom/technical/requirement/maximumversion"/>
    </group>
    <element name="Installation Remarks" path="lom/technical/installationremarks/langstring"/>
    <element name="Other Platform Requirements" path="lom/technical/otherplatformrequirements/langstring"/>
    <element name="Duration" path="lom/technical/duration/datetime"/>
  </group>

  <group name="Educational">
    <element name="Interactivity Type" path="lom/educational/interactivitytype/value/langstring"/>
    <element name="Learning Resource Type" path="lom/educational/learningresourcetype/value/langstring"/>
    <element name="Interactivity Level" path="lom/educational/interactivitylevel/value/langstring"/>
    <element name="Semantic Density" path="lom/educational/semanticdensity/value/langstring"/>
    <element name="Intended end user role" path="lom/educational/intendedenduserrole/value/langstring"/>
    <element name="Context" path="lom/educational/context/value/langstring"/>
    <element name="Typical age range" path="lom/educational/typicalagerange/langstring"/>
    <element name="Difficulty" path="lom/educational/difficulty/value/langstring"/>
    <element name="Typical learning time" path="lom/educational/typicallearningtime/datetime"/>
    <element name="Description" path="lom/educational/description/langstring"/>
    <element name="Language" path="lom/educational/language"/>
  </group>

  <group name="Rights">
    <element name="Cost" path="lom/rights/cost/value/langstring"/>
    <element name="Copyright and other restrictions" path="lom/rights/copyrightandotherrestrictions/value/langstring"/>
    <element name="Description" path="lom/rights/description/langstring"/>
  </group>

  <group name="Relation">
    <element name="Kind" path="lom/relation/kind/value/langstring"/>
    <group name="Resource">
      <group name="Catalog Entry">
        <element name="Catalog" path="lom/relation/resource/catalogentry/catalog"/>
        <element name="Entry" path="lom/relation/resource/catalogentry/entry/langstring"/>
      </group>
      <element name="Description" path="lom/relation/resource/description/langstring"/>
    </group>
  </group>

  <group name="Annotation">
    <element name="Person" path="lom/annotation/person/vcard"/>
    <element name="Date" path="lom/annotation/date/datetime"/>
    <element name="Description" path="lom/annotation/description/langstring"/>
  </group>

  <group name="Classification">
    <element name="Purpose" path="lom/classification/purpose/value/langstring"/>
    <group name="Taxon Path">
      <element name="Source" path="lom/classification/taxonpath/source/langstring"/>
      <group name="Taxon">
        <element name="ID" path="lom/classification/taxonpath/taxon/id"/>
        <element name="Entry" path="lom/classification/taxonpath/taxon/entry/langstring"/>
      </group>
    </group>
    <element name="Description" path="lom/classification/description/langstring"/>
    <element name="Keyword" path="lom/classification/keyword/langstring"/>
  </group>

</profile>
