<?xml version="1.0"?>
<!-- RELOAD Schema Helper File v1.2 -->
<schemahelper>

   <!-- Paths take order of precedence. Therefore the ordering of this list is important -->
   <!-- Paths nearer the start of the list take precedence; start with the longest path and end with the shortest path -->
   <!-- For example, "source/langstring@xml:lang" will resolve before "langstring@xml:lang" -->

   <!-- Elements -->
   <element path="dependency" fname="Dependency">
      <tip><![CDATA[Identifies a resource whose files this resource depends upon.]]></tip>
   </element>
   <element path="file" fname="File">
      <tip><![CDATA[A listing of files that this resource is dependent on.]]></tip>
   </element>
   <element path="item" fname="Item">
      <tip><![CDATA[A node that describes the shape of the organization. It can reference a Resource or sub-Manifest.
         You can do this from the drop-down box.]]>
      </tip>
   </element>
   <element path="manifest" fname="Manifest">
      <tip><![CDATA[The <b>Manifest</b> node of the Content Package contains all child elements
         and other sub-Manifests.<p><p>A reusable unit of instruction. Encapsulates meta-data, organizations, and resource references.]]>
      </tip>
   </element>
   <element path="metadata" fname="Metadata">
      <tip><![CDATA[Add Metadata to this node.  You can edit the Metadata from the Edit menu or by clicking
         on the button on the toolbar.]]>
      </tip>
   </element>
   <element path="organization" fname="Organization">
      <tip><![CDATA[Describes a particular hierarchical organization.]]></tip>
   </element>
   <element path="organizations" fname="Organizations">
      <tip><![CDATA[Describes one or more structures or organizations for this package.]]></tip>
   </element>
   <element path="resource" fname="Resource">
      <tip><![CDATA[A reference to a resource.]]></tip>
   </element>
   <element path="resources" fname="Resources">
      <tip><![CDATA[A collection of references to resources. There is no assumption of order or hierarchy.]]></tip>
   </element>
   <element path="schema" fname="Schema">
      <tip><![CDATA[Describes the schema that defines and controls the Manifest.]]></tip>
   </element>
   <element path="schemaversion" fname="Schema Version">
      <tip><![CDATA[Describes the version of the above schema (e.g., 1,0, 1.1).]]></tip>
   </element>
   <element path="title" fname="Title">
      <tip><![CDATA[Describes the title of the organization or item.]]></tip>
   </element>

    <!-- Attributes -->
   <element path="@identifier" fname="Identifier">
      <tip>An identifier that is unique within the Manifest.</tip>
   </element>
   <element path="@version" fname="Version">
      <tip>Identifies the version of this Manifest (e.g., 1.0).</tip>
   </element>
   <element path="@default" fname="Default Organization">
      <tip>Indicates which organization scheme is the default one.</tip>
   </element>
   <element path="@structure" fname="Structure">
      <tip>Has a default value of “hierarchical” for describing the shape of an organization.</tip>
   </element>
   <element path="@href" fname="HREF">
      <tip>A reference to a URL.</tip>
   </element>
   <element path="@identifierref" fname="Referenced element">
      <tip>A reference to a resource in the resources section or a (sub)Manifest.</tip>
   </element>
   <element path="@isvisible" fname="Is Visible">
      <tip>Indicates whether or not this item is displayed when the structure of the Package is displayed or rendered.</tip>
   </element>
   <element path="@parameters" fname="Parameters">
      <tip>Static parameters to be passed to the resource at launch time.</tip>
   </element>
   <element path="@type" fname="Type">
      <tip>Indicates the type of resource.</tip>
   </element>
   <element path="@xml:base" fname="Base">
      <tip>Provides the relative path offset for the content file(s).</tip>
   </element>

<!--Added for IMS CP 1.2  -->

 <element path="imscp_util:imsptr" fname="IMSPointer">
      <tip><![CDATA[The <b>IMSPointer</b> node of the Content Package contains attributes that refer to nodes in 
      remote manifests.<p>This can be used to link to a manifest in the same file system or manifest in a remote repository.
      <p>Local pointer e.g tent/imsmanifest.xml#xpointer(//resource[@identifier='TENT_RESOURCE2']/descendant-or-self::*)"</p>
      <p>Remote pointer e.g http://my.repository.net/tent.zip#header:./imsmanifest.xml xpointer(/manifest/descendant-or-self::*)</p>
      ]]>
      </tip>
     </element>

<element path="imscp_util:imsptr@xlink:href" fname="href">
      <tip><![CDATA[String containing URI and XPath expression for the remot node(s)]]></tip>
   </element>
   <element path="imscp_util:variant" fname="Variant">
      <tip><![CDATA[ A variant element is closely analogous to a resource element except that it is extensible(?). 
      Limit addition of metadata to -lom/general/language- for the time being ! ]]></tip>
   </element>
</schemahelper>
