/*
SQLyog Community Edition- MySQL GUI v6.15
MySQL - 5.0.41-log : Database - StudViz
*********************************************************************
*/

/*!40101 SET NAMES utf8 */;

/*!40101 SET SQL_MODE=''*/;

/*!40014 SET @OLD_FOREIGN_KEY_CHECKS=@@FOREIGN_KEY_CHECKS, FOREIGN_KEY_CHECKS=0 */;
/*!40101 SET @OLD_SQL_MODE=@@SQL_MODE, SQL_MODE='NO_AUTO_VALUE_ON_ZERO' */;

/*Table structure for table `authority` */

CREATE TABLE `authority` (
  `id` bigint(20) NOT NULL auto_increment,
  `version` bigint(20) NOT NULL,
  `authority` varchar(255) NOT NULL,
  `description` varchar(255) NOT NULL,
  PRIMARY KEY  (`id`),
  UNIQUE KEY `authority` (`authority`)
) ENGINE=InnoDB DEFAULT CHARSET=latin1;

/*Data for the table `authority` */

insert  into `authority`(`id`,`version`,`authority`,`description`) values (1,11,'ROLE_ADMIN','ROLE_ADMIN'),(2,24,'ROLE_STAFF','ROLE_STAFF'),(3,56,'ROLE_STUDENT','ROLE_STUDENT'),(12,1,'ROLE_SUPERADMIN','ROLE_SUPERADMIN');

/*Table structure for table `authority_people` */

CREATE TABLE `authority_people` (
  `authority_id` bigint(20) NOT NULL,
  `person_id` bigint(20) NOT NULL,
  PRIMARY KEY  (`authority_id`,`person_id`),
  KEY `FK4C07070B640A6BA` (`authority_id`),
  KEY `FK4C07070BC12321BA` (`person_id`),
  CONSTRAINT `FK4C07070B640A6BA` FOREIGN KEY (`authority_id`) REFERENCES `authority` (`id`),
  CONSTRAINT `FK4C07070BC12321BA` FOREIGN KEY (`person_id`) REFERENCES `person` (`id`)
) ENGINE=InnoDB DEFAULT CHARSET=latin1;

/*Data for the table `authority_people` */

insert  into `authority_people`(`authority_id`,`person_id`) values (1,1),(2,2),(3,3),(3,68),(12,81);

/*Table structure for table `authority_person` */

CREATE TABLE `authority_person` (
  `authorities_id` bigint(20) NOT NULL,
  `people_id` bigint(20) NOT NULL,
  PRIMARY KEY  (`people_id`,`authorities_id`),
  KEY `FK4C086FD15E4127EE` (`people_id`),
  KEY `FK4C086FD15D8D066E` (`authorities_id`),
  CONSTRAINT `FK4C086FD15D8D066E` FOREIGN KEY (`authorities_id`) REFERENCES `person` (`id`),
  CONSTRAINT `FK4C086FD15E4127EE` FOREIGN KEY (`people_id`) REFERENCES `authority` (`id`)
) ENGINE=InnoDB DEFAULT CHARSET=latin1;

/*Data for the table `authority_person` */

/*Table structure for table `course_master` */

CREATE TABLE `course_master` (
  `id` bigint(20) NOT NULL auto_increment,
  `version` bigint(20) NOT NULL,
  `course_description` varchar(255) NOT NULL,
  `course_element` varchar(255) NOT NULL,
  `course_id` varchar(255) NOT NULL,
  `duration_expected` varchar(255) NOT NULL,
  PRIMARY KEY  (`id`)
) ENGINE=InnoDB DEFAULT CHARSET=latin1;

/*Data for the table `course_master` */

insert  into `course_master`(`id`,`version`,`course_description`,`course_element`,`course_id`,`duration_expected`) values (1,0,'Chemistry-102','','',''),(2,0,'Computer ORG-103','','',''),(3,0,'C Programming-101','','',''),(4,0,'Maths-101','','',''),(5,0,'IT-101','','',''),(6,0,'Physics-101','','','');

/*Table structure for table `institute` */

CREATE TABLE `institute` (
  `id` bigint(20) NOT NULL auto_increment,
  `version` bigint(20) NOT NULL,
  `address` varchar(255) NOT NULL,
  `code` varchar(255) NOT NULL,
  `email` varchar(255) NOT NULL,
  `name` varchar(255) NOT NULL,
  PRIMARY KEY  (`id`)
) ENGINE=InnoDB DEFAULT CHARSET=latin1;

/*Data for the table `institute` */

insert  into `institute`(`id`,`version`,`address`,`code`,`email`,`name`) values (1,0,'Kerala','AMR','syamsundar.s@amritatech.com','Amrita Engineering College'),(2,0,'Uttar Pradesh','BTS','iitkanpur@test.com','BITS Pilani');

/*Table structure for table `master` */

CREATE TABLE `master` (
  `id` bigint(20) NOT NULL auto_increment,
  `version` bigint(20) default NULL,
  `lmsname` varchar(255) default '',
  `action` varchar(255) default '',
  `course` varchar(255) default '',
  `coursename` varchar(255) default '',
  `date` varchar(255) default '',
  `module` varchar(255) default '',
  `tranid` int(11) default NULL,
  `username` varchar(255) default '',
  `institution` varchar(255) default NULL,
  `userid` bigint(20) default NULL,
  PRIMARY KEY  (`id`)
) ENGINE=InnoDB DEFAULT CHARSET=latin1;

/*Data for the table `master` */

insert  into `master`(`id`,`version`,`lmsname`,`action`,`course`,`coursename`,`date`,`module`,`tranid`,`username`,`institution`,`userid`) values (4,NULL,'LMS1','view','1','Chemistry-102','2010-11-06 13:02:02','user',NULL,'hridin_07cp118','Amritapuri',3),(5,NULL,'LMS1','view','1','Chemistry-102','2010-11-06 13:12:18','course',NULL,'ravi_07cp117','Amritapuri',68),(6,NULL,'LMS1','view','1','Chemistry-102','2010-11-06 13:22:43','course',NULL,'hridin_07cp118','Amritapuri',3),(7,NULL,'LMS1','view','1','Chemistry-102','2010-11-06 14:03:09','course',NULL,'hridin_07cp118','Amritapuri',3),(8,NULL,'LMS1','view','1','Chemistry-102','2010-11-06 14:07:00','user',NULL,'hridin_07cp118','Amritapuri',3),(9,NULL,'LMS1','view','1','Chemistry-102','2010-11-06 14:08:58','user',NULL,'hridin_07cp118','Amritapuri',3),(10,NULL,'LMS1','view','1','Chemistry-102','2010-11-06 14:28:49','user',NULL,'hridin_07cp118','Amritapuri',3),(11,NULL,'LMS1','view','1','Chemistry-102','2010-11-06 14:42:35','course',NULL,'ravi_07cp117','Amritapuri',68),(12,NULL,'LMS1','view','1','Chemistry-102','2010-11-06 14:54:06','user',NULL,'hridin_07cp118','Amritapuri',3),(13,NULL,'LMS1','view','1','Chemistry-102','2010-11-06 15:05:28','user',NULL,'hridin_07cp118','Amritapuri',3),(14,NULL,'LMS1','view','1','Chemistry-102','2010-11-06 15:38:21','course',NULL,'ravi_07cp117','Amritapuri',68),(15,NULL,'LMS1','view','1','Chemistry-102','2010-11-06 15:41:11','course',NULL,'hridin_07cp118','Amritapuri',3),(16,NULL,'LMS1','view','1','Chemistry-102','2010-11-06 15:42:20','course',NULL,'ravi_07cp117','Amritapuri',68),(17,NULL,'LMS1','view','1','Chemistry-102','2010-11-11 15:03:24','course',NULL,'admin','Amritapuri',1),(18,NULL,'LMS1','view','1','Chemistry-102','2010-11-11 15:09:40','course',NULL,'admin','Amritapuri',1),(19,NULL,'LMS1','view','1','Chemistry-102','2010-11-15 14:25:55','course',NULL,'admin','Amritapuri',1),(20,NULL,'LMS1','view','1','Chemistry-102','2010-11-23 09:52:48','user',NULL,'admin','Amritapuri',1),(21,NULL,'LMS1','view','1','Chemistry-102','2010-11-23 10:31:53','course',NULL,'sumesh_07cp120','Amritapuri',69),(22,NULL,'LMS1','view','1','Chemistry-102','2010-11-23 10:33:45','course',NULL,'syam_07cp121','Amritapuri',70),(23,NULL,'LMS1','view','1','Chemistry-102','2010-11-23 10:37:21','course',NULL,'admin','Amritapuri',1),(24,NULL,'LMS1','view','2','Computer ORG-103','2010-11-23 10:38:44','course',NULL,'ravi_07cp117','Amritapuri',68),(25,NULL,'LMS1','mailer','2','Computer ORG-103','2010-11-12 16:16:54','role',NULL,'hridin_07cp118','Amritapuri',3),(26,NULL,'LMS1','mailer','2','Computer ORG-103','2010-11-23 10:32:42','role',NULL,'resmi_07cp119','Amritapuri',71),(27,NULL,'LMS1','write','2','Computer ORG-103','2010-11-12 16:16:54','user',NULL,'hridin_07cp118','Amritapuri',3),(28,NULL,'LMS1','login','2','Computer ORG-103','2010-11-06 13:07:14','course',NULL,'ravi_07cp117','Amritapuri',68),(29,NULL,'LMS1','login','2','Computer ORG-103','2010-11-06 14:00:46','user',NULL,'ravi_07cp117','Amritapuri',68),(30,NULL,'LMS1','login','2','Computer ORG-103','2010-11-06 14:04:05','user',NULL,'ravi_07cp117','Amritapuri',68),(31,NULL,'LMS1','login','2','Computer ORG-103','2010-11-06 14:07:43','course',NULL,'ravi_07cp117','Amritapuri',68),(32,NULL,'LMS1','login','2','Computer ORG-103','2010-11-06 14:27:13','user',NULL,'ravi_07cp117','Amritapuri',68),(33,NULL,'LMS1','login','2','Computer ORG-103','2010-11-06 14:34:13','user',NULL,'hridin_07cp118','Amritapuri',3),(34,NULL,'LMS1','login','2','Computer ORG-103','2010-11-06 14:50:29','course',NULL,'ravi_07cp117','Amritapuri',68),(35,NULL,'LMS1','login','2','Computer ORG-103','2010-11-06 14:54:55','user',NULL,'ravi_07cp117','Amritapuri',68),(36,NULL,'LMS1','login','2','Computer ORG-103','2010-11-06 15:36:46','user',NULL,'ravi_07cp117','Amritapuri',68),(37,NULL,'LMS1','login','2','Computer ORG-103','2010-11-06 15:42:19','course',NULL,'ravi_07cp117','Amritapuri',68),(38,NULL,'LMS1','login','2','Computer ORG-103','2010-11-10 14:45:34','user',NULL,'hridin_07cp118','Amritapuri',3),(39,NULL,'LMS1','login','2','Computer ORG-103','2010-11-12 16:16:05','user',NULL,'hridin_07cp118','Amritapuri',3),(40,NULL,'LMS1','login','2','Computer ORG-103','2010-11-23 09:51:09','course',NULL,'admin','Amritapuri',1),(41,NULL,'LMS1','login','2','Computer ORG-103','2010-11-23 10:31:52','user',NULL,'sumesh_07cp120','Amritapuri',69),(42,NULL,'LMS1','login','2','Computer ORG-103','2010-11-23 10:33:45','user',NULL,'syam_07cp121','Amritapuri',70),(43,NULL,'LMS2','login','2','Computer ORG-103','2010-11-23 10:38:44','course',NULL,'ravi_07cp117','Amritapuri',68),(44,NULL,'LMS2','logout','2','Computer ORG-103','2010-11-06 13:01:36','user',NULL,'admin','Amritapuri',1),(45,NULL,'LMS2','logout','2','Computer ORG-103','2010-11-06 13:22:26','user',NULL,'ravi_07cp117','Amritapuri',68),(46,NULL,'LMS2','logout','2','Computer ORG-103','2010-11-06 14:02:56','course',NULL,'ravi_07cp117','Amritapuri',68),(47,NULL,'LMS2','logout','2','Computer ORG-103','2010-11-06 14:06:48','user',NULL,'ravi_07cp117','Amritapuri',68),(48,NULL,'LMS2','logout','2','Computer ORG-103','2010-11-06 14:08:45','user',NULL,'ravi_07cp117','Amritapuri',68),(49,NULL,'LMS2','logout','2','Computer ORG-103','2010-11-06 14:28:35','course',NULL,'ravi_07cp117','Amritapuri',68),(50,NULL,'LMS2','logout','2','Computer ORG-103','2010-11-06 14:35:01','user',NULL,'hridin_07cp118','Amritapuri',3),(51,NULL,'LMS2','logout','2','Computer ORG-103','2010-11-06 14:53:51','user',NULL,'ravi_07cp117','Amritapuri',68),(52,NULL,'LMS2','logout','2','Computer ORG-103','2010-11-06 15:05:13','course',NULL,'ravi_07cp117','Amritapuri',68),(53,NULL,'LMS2','logout','2','Computer ORG-103','2010-11-06 15:40:50','user',NULL,'ravi_07cp117','Amritapuri',68),(54,NULL,'LMS1','logout','2','Computer ORG-103','2010-11-06 15:44:33','user',NULL,'ravi_07cp117','Amritapuri',68),(55,NULL,'LMS1','logout','2','Computer ORG-103','2010-11-11 15:33:48','course',NULL,'admin','Amritapuri',1),(56,NULL,'LMS1','logout','2','Computer ORG-103','2010-11-23 10:29:20','course',NULL,'sumesh_07cp120','Amritapuri',69),(57,NULL,'LMS1','logout','2','Computer ORG-103','2010-11-23 10:32:09','user',NULL,'sumesh_07cp120','Amritapuri',69),(58,NULL,'LMS1','logout','2','Computer ORG-103','2010-11-23 10:34:25','user',NULL,'syam_07cp121','Amritapuri',70),(59,NULL,'LMS1','logout','2','Computer ORG-103','2010-11-23 10:42:07','user',NULL,'ravi_07cp117','Amritapuri',68),(60,NULL,'LMS1','update','2','Computer ORG-103','2010-11-06 12:49:25','user',NULL,'admin','Amritapuri',1),(61,NULL,'LMS1','update','2','Computer ORG-103','2010-11-06 12:58:31','user',NULL,'admin','Amritapuri',1),(62,NULL,'LMS1','update','2','Computer ORG-103','2010-11-23 10:19:55','library',NULL,'admin','Amritapuri',1),(63,NULL,'LMS1','view','2','Computer ORG-103','2010-11-06 13:00:27','message',NULL,'admin','Amritapuri',1),(64,NULL,'LMS1','view','2','Computer ORG-103','2010-11-23 10:38:08','course',NULL,'admin','Amritapuri',1),(65,NULL,'LMS1','update','3','C Programming-101','2010-11-23 10:41:06','user',NULL,'ravi_07cp117','Amritapuri',68),(66,NULL,'LMS1','upload','3','C Programming-101','2010-11-06 14:29:31','course',NULL,'hridin_07cp118','Amritapuri',3),(67,NULL,'LMS1','upload','3','C Programming-101','2010-11-23 10:44:55','course',NULL,'resmi_07cp119','Amritapuri',71),(68,NULL,'LMS1','view','3','C Programming-101','2010-11-06 14:29:20','course',NULL,'hridin_07cp118','Amritapuri',3),(69,NULL,'LMS1','view','3','C Programming-101','2010-11-06 14:34:23','quiz',NULL,'hridin_07cp118','Amritapuri',3),(70,NULL,'LMS1','view','3','C Programming-101','2010-11-06 14:42:46','course',NULL,'ravi_07cp117','Amritapuri',68),(71,NULL,'LMS1','view','3','C Programming-101','2010-11-23 10:44:47','quiz',NULL,'resmi_07cp119','Amritapuri',71),(72,NULL,'LMS1','view submission','3','C Programming-101','2010-11-06 14:42:59','course',NULL,'ravi_07cp117','Amritapuri',68),(73,NULL,'LMS1','add mod','3','C Programming-101','2010-11-06 14:28:23','course',NULL,'ravi_07cp117','Amritapuri',68),(74,NULL,'LMS1','add mod','3','C Programming-101','2010-11-06 15:38:01','quiz',NULL,'ravi_07cp117','Amritapuri',68),(75,NULL,'LMS1','enrol','3','C Programming-101','2010-11-23 10:32:42','course',NULL,'resmi_07cp119','Amritapuri',71),(76,NULL,'LMS1','recent','3','C Programming-101','2010-11-06 13:15:02','course',NULL,'ravi_07cp117','Amritapuri',68),(77,NULL,'LMS1','update mod','3','C Programming-101','2010-11-06 15:44:25','quiz',NULL,'ravi_07cp117','Amritapuri',68),(78,NULL,'LMS1','update mod','3','C Programming-101','2010-11-23 10:41:06','quiz',NULL,'ravi_07cp117','Amritapuri',68),(79,NULL,'LMS1','update mod','3','C Programming-101','2010-11-23 10:42:00','quiz',NULL,'ravi_07cp117','Amritapuri',68),(80,NULL,'LMS1','view','3','C Programming-101','2010-11-06 12:54:12','quiz',NULL,'admin','Amritapuri',1),(81,NULL,'LMS1','view','3','C Programming-101','2010-11-06 13:00:42','quiz',NULL,'admin','Amritapuri',1),(82,NULL,'LMS1','view','3','C Programming-101','2010-11-06 13:02:31','quiz',NULL,'hridin_07cp118','Amritapuri',3),(83,NULL,'LMS1','view','3','C Programming-101','2010-11-06 13:07:48','quiz',NULL,'ravi_07cp117','Amritapuri',68),(84,NULL,'LMS1','view','3','C Programming-101','2010-11-06 13:08:23','quiz',NULL,'ravi_07cp117','Amritapuri',68),(85,NULL,'LMS1','view','3','C Programming-101','2010-11-06 13:11:01','quiz',NULL,'ravi_07cp117','Amritapuri',68),(86,NULL,'LMS1','view','3','C Programming-101','2010-11-06 13:11:28','quiz',NULL,'ravi_07cp117','Amritapuri',68),(87,NULL,'LMS1','view','3','C Programming-101','2010-11-06 13:11:41','quiz',NULL,'ravi_07cp117','Amritapuri',68),(88,NULL,'LMS1','view','3','C Programming-101','2010-11-06 13:12:27','course',NULL,'ravi_07cp117','Amritapuri',68),(89,NULL,'LMS1','view','3','C Programming-101','2010-11-06 13:13:07','course',NULL,'ravi_07cp117','Amritapuri',68),(90,NULL,'LMS1','view','3','C Programming-101','2010-11-06 13:15:17','assignment',NULL,'ravi_07cp117','Amritapuri',68),(91,NULL,'LMS1','view','3','C Programming-101','2010-11-06 13:16:21','assignment',NULL,'ravi_07cp117','Amritapuri',68),(92,NULL,'LMS1','view','3','C Programming-101','2010-11-06 13:20:04','upload',NULL,'ravi_07cp117','Amritapuri',68),(93,NULL,'LMS1','view','3','C Programming-101','2010-11-06 13:22:47','assignment',NULL,'hridin_07cp118','Amritapuri',3),(94,NULL,'LMS1','view','3','C Programming-101','2010-11-06 14:00:56','assignment',NULL,'ravi_07cp117','Amritapuri',68),(95,NULL,'LMS1','view','3','C Programming-101','2010-11-06 14:03:32','course',NULL,'hridin_07cp118','Amritapuri',3),(96,NULL,'LMS1','view','3','C Programming-101','2010-11-06 14:07:05','course',NULL,'hridin_07cp118','Amritapuri',3),(97,NULL,'LMS1','view','3','C Programming-101','2010-11-06 14:07:48','assignment',NULL,'ravi_07cp117','Amritapuri',68),(98,NULL,'LMS1','view','3','C Programming-101','2010-11-06 14:09:03','assignment',NULL,'hridin_07cp118','Amritapuri',3),(99,NULL,'LMS1','view','3','C Programming-101','2010-11-06 14:27:19','assignment',NULL,'ravi_07cp117','Amritapuri',68),(100,NULL,'LMS1','view','3','C Programming-101','2010-11-06 14:28:24','course',NULL,'ravi_07cp117','Amritapuri',68),(101,NULL,'LMS1','view','3','C Programming-101','2010-11-06 14:29:40','course',NULL,'hridin_07cp118','Amritapuri',3),(102,NULL,'LMS1','view','3','C Programming-101','2010-11-06 14:34:57','forum',NULL,'hridin_07cp118','Amritapuri',3),(103,NULL,'LMS1','view','3','C Programming-101','2010-11-06 14:43:39','course',NULL,'ravi_07cp117','Amritapuri',68),(104,NULL,'LMS1','view','3','C Programming-101','2010-11-06 14:50:43','course',NULL,'ravi_07cp117','Amritapuri',68),(105,NULL,'LMS1','view','3','C Programming-101','2010-11-06 14:52:27','forum',NULL,'ravi_07cp117','Amritapuri',68),(106,NULL,'LMS1','view','3','C Programming-101','2010-11-06 14:54:11','forum',NULL,'hridin_07cp118','Amritapuri',3),(107,NULL,'LMS1','view','3','C Programming-101','2010-11-06 14:55:01','forum',NULL,'ravi_07cp117','Amritapuri',68),(108,NULL,'LMS1','view','3','C Programming-101','2010-11-06 14:55:47','forum',NULL,'ravi_07cp117','Amritapuri',68),(109,NULL,'LMS1','view','3','C Programming-101','2010-11-06 14:56:44','course',NULL,'ravi_07cp117','Amritapuri',68),(110,NULL,'LMS1','view','3','C Programming-101','2010-11-06 15:05:10','course',NULL,'ravi_07cp117','Amritapuri',68),(111,NULL,'LMS1','view','3','C Programming-101','2010-11-06 15:06:10','lesson',NULL,'hridin_07cp118','Amritapuri',3),(112,NULL,'LMS1','view','3','C Programming-101','2010-11-06 15:37:00','course',NULL,'ravi_07cp117','Amritapuri',68),(113,NULL,'LMS1','view','3','C Programming-101','2010-11-06 15:38:12','lesson',NULL,'ravi_07cp117','Amritapuri',68),(114,NULL,'LMS1','view','3','C Programming-101','2010-11-06 15:38:37','lesson',NULL,'ravi_07cp117','Amritapuri',68),(115,NULL,'LMS1','view','3','C Programming-101','2010-11-06 15:41:17','lesson',NULL,'hridin_07cp118','Amritapuri',3),(116,NULL,'LMS1','view','3','C Programming-101','2010-11-06 15:43:07','course',NULL,'ravi_07cp117','Amritapuri',68),(117,NULL,'LMS1','view','3','C Programming-101','2010-11-06 15:44:47','lesson',NULL,'hridin_07cp118','Amritapuri',3),(118,NULL,'LMS1','view','3','C Programming-101','2010-11-06 15:45:30','course',NULL,'hridin_07cp118','Amritapuri',3),(119,NULL,'LMS1','view','3','C Programming-101','2010-11-12 16:16:06','course',NULL,'hridin_07cp118','Amritapuri',3),(120,NULL,'LMS1','view','3','C Programming-101','2010-11-23 10:32:04','course',NULL,'sumesh_07cp120','Amritapuri',69),(121,NULL,'LMS1','view','3','C Programming-101','2010-11-23 10:33:55','assignment',NULL,'syam_07cp121','Amritapuri',70),(122,NULL,'LMS1','view','3','C Programming-101','2010-11-23 10:34:22','forum',NULL,'syam_07cp121','Amritapuri',70),(123,NULL,'LMS1','view','3','C Programming-101','2010-11-23 10:37:27','user',NULL,'admin','Amritapuri',1),(124,NULL,'LMS1','view','3','C Programming-101','2010-11-23 10:38:59','user',NULL,'ravi_07cp117','Amritapuri',68),(125,NULL,'LMS1','view','3','C Programming-101','2010-11-23 10:39:15','course',NULL,'ravi_07cp117','Amritapuri',68),(126,NULL,'LMS1','view','3','C Programming-101','2010-11-23 10:41:07','course',NULL,'ravi_07cp117','Amritapuri',68),(127,NULL,'LMS1','view','3','C Programming-101','2010-11-23 10:42:00','course',NULL,'ravi_07cp117','Amritapuri',68),(128,NULL,'LMS1','view','3','C Programming-101','2010-11-23 10:42:58','user',NULL,'resmi_07cp119','Amritapuri',71),(129,NULL,'LMS1','view','3','C Programming-101','2010-11-23 10:44:43','user',NULL,'resmi_07cp119','Amritapuri',71),(130,NULL,'LMS1','add','3','C Programming-101','2010-11-06 14:53:38','course',NULL,'ravi_07cp117','Amritapuri',68),(131,NULL,'LMS1','add discussion','3','C Programming-101','2010-11-06 14:55:32','user',NULL,'ravi_07cp117','Amritapuri',68),(132,NULL,'LMS1','add post','3','C Programming-101','2010-11-06 15:06:01','user',NULL,'hridin_07cp118','Amritapuri',3),(133,NULL,'LMS1','update','3','C Programming-101','2010-11-23 10:41:30','course',NULL,'ravi_07cp117','Amritapuri',68),(134,NULL,'LMS1','view discussion','3','C Programming-101','2010-11-06 14:56:09','user',NULL,'ravi_07cp117','Amritapuri',68),(135,NULL,'LMS1','view discussion','3','C Programming-101','2010-11-06 14:56:37','user',NULL,'ravi_07cp117','Amritapuri',68),(136,NULL,'LMS1','view discussion','3','C Programming-101','2010-11-06 15:06:04','course',NULL,'hridin_07cp118','Amritapuri',3),(137,NULL,'LMS1','view forum','3','C Programming-101','2010-11-06 14:54:15','user',NULL,'hridin_07cp118','Amritapuri',3),(138,NULL,'LMS1','view forum','3','C Programming-101','2010-11-06 14:55:35','user',NULL,'ravi_07cp117','Amritapuri',68),(139,NULL,'LMS1','view forum','3','C Programming-101','2010-11-06 14:55:51','course',NULL,'ravi_07cp117','Amritapuri',68),(140,NULL,'LMS1','view forum','3','C Programming-101','2010-11-06 14:56:48','user',NULL,'ravi_07cp117','Amritapuri',68),(141,NULL,'LMS1','view forum','3','C Programming-101','2010-11-12 16:16:31','user',NULL,'hridin_07cp118','Amritapuri',3),(142,NULL,'LMS1','view forum','3','C Programming-101','2010-11-23 10:42:48','course',NULL,'resmi_07cp119','Amritapuri',71),(143,NULL,'LMS1','end','3','C Programming-101','2010-11-06 15:44:59','user',NULL,'hridin_07cp118','Amritapuri',3),(144,NULL,'LMS1','start','3','C Programming-101','2010-11-06 15:38:16','user',NULL,'ravi_07cp117','Amritapuri',68),(145,NULL,'LMS1','start','3','C Programming-101','2010-11-06 15:44:52','course',NULL,'hridin_07cp118','Amritapuri',3),(146,NULL,'LMS1','start','3','C Programming-101','2010-11-23 10:44:19','user',NULL,'resmi_07cp119','Amritapuri',71),(147,NULL,'LMS1','update','3','C Programming-101','2010-11-23 10:42:00','user',NULL,'ravi_07cp117','Amritapuri',68),(148,NULL,'LMS1','view','3','C Programming-101','2010-11-23 10:44:19','course',NULL,'resmi_07cp119','Amritapuri',71),(149,NULL,'LMS1','view all','3','C Programming-101','2010-11-06 15:40:29','user',NULL,'ravi_07cp117','Amritapuri',68),(150,NULL,'LMS1','add','3','C Programming-101','2010-11-06 13:20:03','user',NULL,'ravi_07cp117','Amritapuri',68),(151,NULL,'LMS1','attempt','3','C Programming-101','2010-11-06 14:23:12','course',NULL,'hridin_07cp118','Amritapuri',3),(152,NULL,'LMS1','attempt','3','C Programming-101','2010-11-23 10:43:42','course',NULL,'resmi_07cp119','Amritapuri',71),(153,NULL,'LMS1','close attempt','3','C Programming-101','2010-11-06 14:23:23','course',NULL,'hridin_07cp118','Amritapuri',3),(154,NULL,'LMS1','close attempt','3','C Programming-101','2010-11-23 10:43:55','user',NULL,'resmi_07cp119','Amritapuri',71),(155,NULL,'LMS1','continue attemp','3','C Programming-101','2010-11-06 14:23:23','user',NULL,'hridin_07cp118','Amritapuri',3),(156,NULL,'LMS1','continue attemp','3','C Programming-101','2010-11-23 10:43:55','course',NULL,'resmi_07cp119','Amritapuri',71),(157,NULL,'LMS1','editquestions','3','C Programming-101','2010-11-06 13:21:57','user',NULL,'ravi_07cp117','Amritapuri',68),(158,NULL,'LMS1','editquestions','3','C Programming-101','2010-11-06 14:02:38','course',NULL,'ravi_07cp117','Amritapuri',68),(159,NULL,'LMS1','editquestions','3','C Programming-101','2010-11-06 14:04:18','forum',NULL,'ravi_07cp117','Amritapuri',68),(160,NULL,'LMS1','editquestions','3','C Programming-101','2010-11-06 14:08:01','course',NULL,'ravi_07cp117','Amritapuri',68),(161,NULL,'LMS1','editquestions','3','C Programming-101','2010-11-06 14:08:41','course',NULL,'ravi_07cp117','Amritapuri',68),(162,NULL,'LMS1','report','3','C Programming-101','2010-11-23 10:36:05','course',NULL,'admin','Amritapuri',1),(163,NULL,'LMS1','review','3','C Programming-101','2010-11-06 14:09:43','forum',NULL,'hridin_07cp118','Amritapuri',3),(164,NULL,'LMS1','review','3','C Programming-101','2010-11-23 10:43:24','course',NULL,'resmi_07cp119','Amritapuri',71),(165,NULL,'LMS1','update','3','C Programming-101','2010-11-23 10:40:29','course',NULL,'ravi_07cp117','Amritapuri',68),(166,NULL,'LMS1','view','3','C Programming-101','2010-11-06 14:03:17','course',NULL,'hridin_07cp118','Amritapuri',3),(167,NULL,'LMS1','view','3','C Programming-101','2010-11-06 14:09:06','course',NULL,'hridin_07cp118','Amritapuri',3),(168,NULL,'LMS1','view','3','C Programming-101','2010-11-06 14:23:28','course',NULL,'hridin_07cp118','Amritapuri',3),(169,NULL,'LMS1','view','3','C Programming-101','2010-11-23 10:34:14','course',NULL,'syam_07cp121','Amritapuri',70),(170,NULL,'LMS1','view','3','C Programming-101','2010-11-23 10:38:53','course',NULL,'ravi_07cp117','Amritapuri',68),(171,NULL,'LMS1','view','3','C Programming-101','2010-11-23 10:43:02','course',NULL,'resmi_07cp119','Amritapuri',71),(172,NULL,'LMS1','view','3','C Programming-101','2010-11-23 10:44:01','forum',NULL,'resmi_07cp119','Amritapuri',71),(173,NULL,'LMS1','assign','3','C Programming-101','2010-11-06 13:01:27','course',NULL,'admin','Amritapuri',1),(174,NULL,'LMS1','upload','3','C Programming-101','2010-11-23 10:44:55','course',NULL,'resmi_07cp119','Amritapuri',71),(175,NULL,'LMS1','view','3','C Programming-101','2010-11-12 16:16:35','course',NULL,'hridin_07cp118','Amritapuri',3),(176,NULL,'LMS1','view','4','Maths-101','2008-07-08 16:25:38','course',NULL,'ravi_07cp117','Amritapuri',68),(177,NULL,'LMS1','view','4','Maths-101','2008-07-11 14:41:45','course',NULL,'am107ec041','Amritapuri',72),(178,NULL,'LMS1','view','4','Maths-101','2008-07-14 11:12:39','course',NULL,'am107cp166','Amritapuri',73),(179,NULL,'LMS1','view','4','Maths-101','2008-07-15 10:43:50','course',NULL,'am107cp066','Amritapuri',74),(180,NULL,'LMS1','view','4','Maths-101','2010-08-04 06:33:56','course',NULL,'u308csc154','Amritapuri',75),(181,NULL,'LMS1','view','4','Maths-101','2010-08-04 06:34:42','course',NULL,'u308csc154','Amritapuri',75),(182,NULL,'LMS1','view','4','Maths-101','2010-03-18 15:02:07','course',NULL,'u308csc152','Amritapuri',76),(183,NULL,'LMS1','view','4','Maths-101','2008-07-14 11:14:00','quiz',NULL,'am107cp166','Amritapuri',73),(184,NULL,'LMS1','view','4','Maths-101','2008-07-15 13:02:24','course',NULL,'am107cp166','Amritapuri',73),(185,NULL,'LMS1','view','4','Maths-101','2008-07-08 11:14:37','quiz',NULL,'sathish_05it49','Amritapuri',77),(186,NULL,'LMS1','view','4','Maths-101','2008-07-08 11:33:32','course',NULL,'soumya_05it54','Amritapuri',78),(187,NULL,'LMS1','view','4','Maths-101','2008-07-08 11:34:13','quiz',NULL,'soumya_05it54','Amritapuri',78),(188,NULL,'LMS1','view','4','Maths-101','2008-07-08 11:56:14','course',NULL,'lekshmi_05it30','Amritapuri',79),(189,NULL,'LMS1','view','4','Maths-101','2008-07-08 11:58:31','course',NULL,'hridin_07cp118','Amritapuri',3),(190,NULL,'LMS1','view','4','Maths-101','2008-07-08 11:58:44','quiz',NULL,'ravi_07cp117','Amritapuri',68),(191,NULL,'LMS1','view','4','Maths-101','2008-07-08 13:29:01','quiz',NULL,'hridin_07cp118','Amritapuri',3),(192,NULL,'LMS1','view','4','Maths-101','2008-07-08 13:57:13','quiz',NULL,'hridin_07cp118','Amritapuri',3),(193,NULL,'LMS1','view','4','Maths-101','2008-07-09 20:23:38','course',NULL,'hridin_07cp118','Amritapuri',3),(194,NULL,'LMS1','view','4','Maths-101','2008-07-08 14:09:32','quiz',NULL,'hridin_07cp118','Amritapuri',3),(195,NULL,'LMS1','view','4','Maths-101','2008-07-08 14:14:09','quiz',NULL,'hridin_07cp118','Amritapuri',3),(196,NULL,'LMS1','view','4','Maths-101','2008-07-08 14:23:45','course',NULL,'ravi_07cp117','Amritapuri',68),(197,NULL,'LMS1','mailer','4','Maths-101','2008-07-10 13:02:00','course',NULL,'hridin_07cp118','Amritapuri',3),(198,NULL,'LMS1','mailer','4','Maths-101','2008-07-08 16:07:17','quiz',NULL,'hridin_07cp118','Amritapuri',3),(199,NULL,'LMS1','write','4','Maths-101','2008-07-08 16:21:49','quiz',NULL,'ravi_07cp117','Amritapuri',68),(200,NULL,'LMS1','login','4','Maths-101','2008-07-08 16:22:31','quiz',NULL,'hridin_07cp118','Amritapuri',3),(201,NULL,'LMS1','login','4','Maths-101','2008-07-08 16:25:38','course',NULL,'ravi_07cp117','Amritapuri',68),(202,NULL,'LMS1','login','4','Maths-101','2008-07-08 16:26:25','course',NULL,'admin','Amritapuri',1),(203,NULL,'LMS1','login','4','Maths-101','2008-07-08 16:29:53','course',NULL,'admin','Amritapuri',1),(204,NULL,'LMS1','login','4','Maths-101','2008-07-09 08:47:19','assignment',NULL,'admin','Amritapuri',1),(205,NULL,'LMS1','login','4','Maths-101','2008-07-10 13:05:19','course',NULL,'admin','Amritapuri',1),(206,NULL,'LMS1','login','4','Maths-101','2008-07-09 08:51:57','course',NULL,'sumesh_07cp120','Amritapuri',69),(207,NULL,'LMS1','login','4','Maths-101','2008-07-09 08:52:41','assignment',NULL,'syam_07cp121','Amritapuri',70),(208,NULL,'LMS1','login','4','Maths-101','2008-07-09 08:52:57','assignment',NULL,'admin','Amritapuri',1),(209,NULL,'LMS1','login','4','Maths-101','2008-07-09 08:53:57','assignment',NULL,'ravi_07cp117','Amritapuri',68),(210,NULL,'LMS1','login','4','Maths-101','2008-07-09 09:26:23','course',NULL,'hridin_07cp118','Amritapuri',3),(211,NULL,'LMS1','login','4','Maths-101','2008-07-10 11:01:01','course',NULL,'resmi_07cp119','Amritapuri',71),(212,NULL,'LMS1','login','4','Maths-101','2008-07-09 10:41:43','course',NULL,'hridin_07cp118','Amritapuri',3),(213,NULL,'LMS1','login','4','Maths-101','2008-07-09 11:23:44','course',NULL,'ravi_07cp117','Amritapuri',68),(214,NULL,'LMS1','login','4','Maths-101','2008-07-09 12:13:54','course',NULL,'ravi_07cp117','Amritapuri',68),(215,NULL,'LMS1','login','4','Maths-101','2008-07-09 13:40:50','course',NULL,'ravi_07cp117','Amritapuri',68),(216,NULL,'LMS1','logout','4','Maths-101','2008-07-09 15:09:05','forum',NULL,'ravi_07cp117','Amritapuri',68),(217,NULL,'LMS1','logout','4','Maths-101','2008-07-09 15:36:08','course',NULL,'ravi_07cp117','Amritapuri',68),(218,NULL,'LMS1','logout','4','Maths-101','2008-07-09 16:08:15','course',NULL,'hridin_07cp118','Amritapuri',3),(219,NULL,'LMS1','logout','4','Maths-101','2008-07-09 16:08:49','forum',NULL,'ravi_07cp117','Amritapuri',68),(220,NULL,'LMS1','logout','4','Maths-101','2008-07-10 13:16:01','forum',NULL,'ravi_07cp117','Amritapuri',68),(221,NULL,'LMS1','logout','4','Maths-101','2010-04-30 15:04:10','forum',NULL,'ravi_07cp117','Amritapuri',68),(222,NULL,'LMS1','logout','4','Maths-101','2010-04-30 15:05:06','forum',NULL,'ravi_07cp117','Amritapuri',68),(223,NULL,'LMS1','logout','4','Maths-101','2010-03-18 15:02:28','course',NULL,'hridin_07cp118','Amritapuri',3),(224,NULL,'LMS1','logout','4','Maths-101','2010-10-21 10:15:04','course',NULL,'hridin_07cp118','Amritapuri',3),(225,NULL,'LMS1','logout','4','Maths-101','2008-07-10 15:45:09','forum',NULL,'admin','Amritapuri',1),(226,NULL,'LMS1','logout','4','Maths-101','2010-10-21 10:14:48','user',NULL,'sumesh_07cp120','Amritapuri',69),(227,NULL,'LMS1','logout','4','Maths-101','2010-10-21 10:14:44','course',NULL,'syam_07cp121','Amritapuri',70),(228,NULL,'LMS1','logout','4','Maths-101','2010-10-21 10:14:34','forum',NULL,'ravi_07cp117','Amritapuri',68),(229,NULL,'LMS1','logout','4','Maths-101','2010-10-21 10:14:29','forum',NULL,'admin','Amritapuri',1),(230,NULL,'LMS1','logout','4','Maths-101','2010-10-21 10:17:50','forum',NULL,'ravi_07cp117','Amritapuri',68),(231,NULL,'LMS1','logout','4','Maths-101','2010-10-21 10:14:02','forum',NULL,'ravi_07cp117','Amritapuri',68),(232,NULL,'LMS1','update','4','Maths-101','2010-10-21 10:13:54','forum',NULL,'ravi_07cp117','Amritapuri',68),(233,NULL,'LMS1','update','4','Maths-101','2010-09-15 14:03:59','course',NULL,'ravi_07cp117','Amritapuri',68),(234,NULL,'LMS1','update','4','Maths-101','2010-09-16 15:41:33','forum',NULL,'ravi_07cp117','Amritapuri',68),(235,NULL,'LMS1','view','4','Maths-101','2010-10-21 10:13:49','course',NULL,'hridin_07cp118','Amritapuri',3),(236,NULL,'LMS1','view','4','Maths-101','2010-02-22 11:03:36','course',NULL,'ravi_07cp117','Amritapuri',68),(237,NULL,'LMS1','update','4','Maths-101','2008-07-11 08:54:00','course',NULL,'ravi_07cp117','Amritapuri',68),(238,NULL,'LMS1','upload','4','Maths-101','2008-07-11 09:04:41','course',NULL,'ravi_07cp117','Amritapuri',68),(239,NULL,'LMS1','upload','4','Maths-101','2010-03-01 09:59:28','course',NULL,'ravi_07cp117','Amritapuri',68),(240,NULL,'LMS1','view','4','Maths-101','2008-07-11 09:18:07','lesson',NULL,'admin','Amritapuri',1),(241,NULL,'LMS1','view','4','Maths-101','2010-03-01 09:58:26','course',NULL,'sumesh_07cp120','Amritapuri',69),(242,NULL,'LMS1','view','4','Maths-101','2010-04-05 10:07:52','course',NULL,'sumesh_07cp120','Amritapuri',69),(243,NULL,'LMS1','view','4','Maths-101','2010-03-18 15:02:51','lesson',NULL,'syam_07cp121','Amritapuri',70),(244,NULL,'LMS1','view submission','4','Maths-101','2010-04-05 10:07:09','course',NULL,'ravi_07cp117','Amritapuri',68),(245,NULL,'LMS1','add mod','4','Maths-101','2010-03-18 15:02:23','course',NULL,'admin','Amritapuri',1),(246,NULL,'LMS1','add mod','4','Maths-101','2010-10-21 10:13:43','course',NULL,'admin','Amritapuri',1),(247,NULL,'LMS1','enrol','4','Maths-101','2010-03-18 15:02:18','lesson',NULL,'admin','Amritapuri',1),(248,NULL,'LMS1','recent','4','Maths-101','2008-07-11 09:57:39','lesson',NULL,'admin','Amritapuri',1),(249,NULL,'LMS1','update mod','4','Maths-101','2008-07-11 09:59:58','course',NULL,'admin','Amritapuri',1),(250,NULL,'LMS1','update mod','4','Maths-101','2008-07-11 10:13:03','course',NULL,'ravi_07cp117','Amritapuri',68),(251,NULL,'LMS1','update mod','4','Maths-101','2008-07-11 10:22:39','lesson',NULL,'hridin_07cp118','Amritapuri',3),(252,NULL,'LMS1','view','4','Maths-101','2008-07-11 10:23:01','course',NULL,'resmi_07cp119','Amritapuri',71),(253,NULL,'LMS1','view','4','Maths-101','2008-07-11 10:23:44','lesson',NULL,'hridin_07cp118','Amritapuri',3),(254,NULL,'LMS1','view','4','Maths-101','2010-03-18 14:39:26','course',NULL,'hridin_07cp118','Amritapuri',3),(255,NULL,'LMS1','view','4','Maths-101','2008-07-11 10:27:45','user',NULL,'ravi_07cp117','Amritapuri',68),(256,NULL,'LMS1','view','4','Maths-101','2008-07-11 10:48:38','course',NULL,'resmi_07cp119','Amritapuri',71),(257,NULL,'LMS1','view','4','Maths-101','2008-07-11 10:48:47','course',NULL,'ravi_07cp117','Amritapuri',68),(258,NULL,'LMS1','view','4','Maths-101','2008-07-11 10:53:03','course',NULL,'ravi_07cp117','Amritapuri',68),(259,NULL,'LMS1','view','4','Maths-101','2008-07-11 10:58:53','user',NULL,'ravi_07cp117','Amritapuri',68),(260,NULL,'LMS1','view','4','Maths-101','2010-03-18 14:39:22','user',NULL,'resmi_07cp119','Amritapuri',71),(261,NULL,'LMS1','view','4','Maths-101','2008-07-11 11:31:01','user',NULL,'ravi_07cp117','Amritapuri',68),(262,NULL,'LMS1','view','4','Maths-101','2008-07-11 11:49:53','course',NULL,'ravi_07cp117','Amritapuri',68),(263,NULL,'LMS1','view','4','Maths-101','2008-07-11 11:50:10','user',NULL,'ravi_07cp117','Amritapuri',68),(264,NULL,'LMS1','view','4','Maths-101','2008-07-11 11:50:18','user',NULL,'ravi_07cp117','Amritapuri',68),(265,NULL,'LMS1','view','4','Maths-101','2008-07-11 14:02:32','course',NULL,'admin','Amritapuri',1),(266,NULL,'LMS1','view','4','Maths-101','2008-07-11 14:12:52','course',NULL,'admin','Amritapuri',1),(267,NULL,'LMS1','view','4','Maths-101','2008-07-11 14:13:23','course',NULL,'hridin_07cp118','Amritapuri',3),(268,NULL,'LMS1','view','4','Maths-101','2008-07-11 14:26:35','course',NULL,'ravi_07cp117','Amritapuri',68),(269,NULL,'LMS1','view','4','Maths-101','2008-07-11 14:41:46','course',NULL,'ravi_07cp117','Amritapuri',68),(270,NULL,'LMS1','view','4','Maths-101','2008-07-11 15:04:45','course',NULL,'ravi_07cp117','Amritapuri',68),(271,NULL,'LMS1','view','4','Maths-101','2008-07-11 15:08:24','user',NULL,'ravi_07cp117','Amritapuri',68),(272,NULL,'LMS1','view','4','Maths-101','2008-07-11 15:14:32','course',NULL,'ravi_07cp117','Amritapuri',68),(273,NULL,'LMS1','view','4','Maths-101','2008-07-11 15:15:50','course',NULL,'ravi_07cp117','Amritapuri',68),(274,NULL,'LMS1','view','4','Maths-101','2008-07-11 16:01:01','course',NULL,'ravi_07cp117','Amritapuri',68),(275,NULL,'LMS1','view','4','Maths-101','2008-07-11 16:20:33','course',NULL,'ravi_07cp117','Amritapuri',68),(276,NULL,'LMS1','view','4','Maths-101','2008-07-11 16:23:35','role',NULL,'ravi_07cp117','Amritapuri',68),(277,NULL,'LMS1','view','4','Maths-101','2008-07-11 16:26:21','role',NULL,'ravi_07cp117','Amritapuri',68),(278,NULL,'LMS1','view','4','Maths-101','2010-02-22 11:03:37','user',NULL,'hridin_07cp118','Amritapuri',3),(279,NULL,'LMS1','view','4','Maths-101','2010-02-22 11:25:28','course',NULL,'ravi_07cp117','Amritapuri',68),(280,NULL,'LMS1','view','4','Maths-101','2010-09-16 15:41:20','user',NULL,'hridin_07cp118','Amritapuri',3),(281,NULL,'LMS1','view','5','IT-101','2008-07-13 13:11:44','user',NULL,'hridin_07cp118','Amritapuri',3),(282,NULL,'LMS1','view','5','IT-101','2008-07-13 14:14:24','course',NULL,'ravi_07cp117','Amritapuri',68),(283,NULL,'LMS1','view','5','IT-101','2008-07-13 14:14:29','user',NULL,'hridin_07cp118','Amritapuri',3),(284,NULL,'LMS1','view','5','IT-101','2008-07-13 14:14:33','user',NULL,'ravi_07cp117','Amritapuri',68),(285,NULL,'LMS1','view','5','IT-101','2008-07-13 14:14:47','course',NULL,'ravi_07cp117','Amritapuri',68),(286,NULL,'LMS1','view','5','IT-101','2008-07-14 08:55:54','user',NULL,'hridin_07cp118','Amritapuri',3),(287,NULL,'LMS1','view','5','IT-101','2008-07-14 08:59:00','user',NULL,'hridin_07cp118','Amritapuri',3),(288,NULL,'LMS1','view','5','IT-101','2010-06-23 15:08:24','course',NULL,'raj','Amritapuri',2),(289,NULL,'LMS1','view','5','IT-101','2010-06-23 15:08:13','user',NULL,'ravi_07cp117','Amritapuri',68),(290,NULL,'LMS1','view','5','IT-101','2010-06-23 15:08:48','user',NULL,'ravi_07cp117','Amritapuri',68),(291,NULL,'LMS1','view','5','IT-101','2010-05-28 13:22:31','course',NULL,'hridin_07cp118','Amritapuri',3),(292,NULL,'LMS1','view','5','IT-101','2008-07-14 10:29:20','user',NULL,'ravi_07cp117','Amritapuri',68),(293,NULL,'LMS1','view','5','IT-101','2008-07-14 11:12:02','user',NULL,'ravi_07cp117','Amritapuri',68),(294,NULL,'LMS1','view','5','IT-101','2008-07-14 11:14:00','course',NULL,'ravi_07cp117','Amritapuri',68),(295,NULL,'LMS1','view','5','IT-101','2008-07-14 13:04:22','user',NULL,'ravi_07cp117','Amritapuri',68),(296,NULL,'LMS1','view','5','IT-101','2008-07-14 13:20:17','user',NULL,'hridin_07cp118','Amritapuri',3),(297,NULL,'LMS1','view','5','IT-101','2010-09-15 13:47:53','course',NULL,'raj','Amritapuri',2),(298,NULL,'LMS1','view','5','IT-101','2008-07-14 13:34:30','user',NULL,'ravi_07cp117','Amritapuri',68),(299,NULL,'LMS1','view','5','IT-101','2008-07-14 13:37:15','user',NULL,'ravi_07cp117','Amritapuri',68),(300,NULL,'LMS1','view','5','IT-101','2008-07-14 15:01:31','course',NULL,'hridin_07cp118','Amritapuri',3),(301,NULL,'LMS1','view','6','Physics-101','2008-07-14 15:23:00','user',NULL,'ravi_07cp117','Amritapuri',68),(302,NULL,'LMS1','add','6','Physics-101','2008-07-14 15:38:53','user',NULL,'hridin_07cp118','Amritapuri',3),(303,NULL,'LMS1','add discussion','6','Physics-101','2008-07-14 15:52:35','course',NULL,'hridin_07cp118','Amritapuri',3),(304,NULL,'LMS1','add post','6','Physics-101','2008-07-14 16:01:57','user',NULL,'hridin_07cp118','Amritapuri',3),(305,NULL,'LMS1','update','6','Physics-101','2008-07-14 16:04:39','user',NULL,'sumesh_07cp120','Amritapuri',69),(306,NULL,'LMS1','view discussion','6','Physics-101','2008-07-14 16:17:30','course',NULL,'syam_07cp121','Amritapuri',70),(307,NULL,'LMS1','view discussion','6','Physics-101','2008-07-14 16:18:38','course',NULL,'syam_07cp121','Amritapuri',70),(308,NULL,'LMS1','view discussion','6','Physics-101','2008-07-15 08:56:23','user',NULL,'admin','Amritapuri',1),(309,NULL,'LMS1','view forum','6','Physics-101','2008-07-15 09:04:06','user',NULL,'ravi_07cp117','Amritapuri',68),(310,NULL,'LMS1','view forum','6','Physics-101','2010-03-18 14:39:16','user',NULL,'ravi_07cp117','Amritapuri',68),(311,NULL,'LMS1','view forum','6','Physics-101','2008-07-15 09:07:35','user',NULL,'ravi_07cp117','Amritapuri',68),(312,NULL,'LMS1','view forum','6','Physics-101','2008-07-15 09:08:11','user',NULL,'ravi_07cp117','Amritapuri',68),(313,NULL,'LMS1','view forum','6','Physics-101','2008-07-15 09:35:38','library',NULL,'resmi_07cp119','Amritapuri',71),(314,NULL,'LMS1','view forum','6','Physics-101','2008-07-15 09:42:11','message',NULL,'resmi_07cp119','Amritapuri',71),(315,NULL,'LMS1','end','6','Physics-101','2008-07-15 09:49:41','course',NULL,'ravi_07cp117','Amritapuri',68),(316,NULL,'LMS1','start','6','Physics-101','2008-07-15 09:50:29','user',NULL,'ravi_07cp117','Amritapuri',68),(317,NULL,'LMS1','start','6','Physics-101','2008-07-15 09:52:04','course',NULL,'hridin_07cp118','Amritapuri',3),(318,NULL,'LMS1','start','6','Physics-101','2008-07-15 09:52:58','course',NULL,'ravi_07cp117','Amritapuri',68),(319,NULL,'LMS1','update','6','Physics-101','2008-07-15 09:54:33','course',NULL,'ravi_07cp117','Amritapuri',68),(320,NULL,'LMS1','view','6','Physics-101','2008-07-15 10:08:56','quiz',NULL,'ravi_07cp117','Amritapuri',68),(321,NULL,'LMS1','view all','7','IT-101','2008-07-15 10:17:22','course',NULL,'hridin_07cp118','Amritapuri',3),(322,NULL,'LMS1','add','7','IT-101','2010-08-03 11:51:07','quiz',NULL,'hridin_07cp118','Amritapuri',3),(323,NULL,'LMS1','attempt','7','IT-101','2008-07-15 10:21:05','course',NULL,'ravi_07cp117','Amritapuri',68),(324,NULL,'LMS1','attempt','7','IT-101','2008-07-15 10:27:03','course',NULL,'ravi_07cp117','Amritapuri',68),(325,NULL,'LMS1','close attempt','7','IT-101','2008-07-15 10:31:28','quiz',NULL,'ravi_07cp117','Amritapuri',68),(326,NULL,'LMS1','close attempt','7','IT-101','2008-07-15 10:35:44','course',NULL,'hridin_07cp118','Amritapuri',3),(327,NULL,'LMS1','continue attemp','7','IT-101','2008-07-15 10:43:45','course',NULL,'resmi_07cp119','Amritapuri',71),(328,NULL,'LMS1','continue attemp','7','IT-101','2008-07-15 10:43:51','quiz',NULL,'hridin_07cp118','Amritapuri',3),(329,NULL,'LMS1','editquestions','7','IT-101','2008-07-15 10:49:23','quiz',NULL,'ravi_07cp117','Amritapuri',68),(330,NULL,'LMS1','editquestions','7','IT-101','2010-10-05 14:28:46','quiz',NULL,'hridin_07cp118','Amritapuri',3),(331,NULL,'LMS1','editquestions','7','IT-101','2010-08-17 17:18:50','quiz',NULL,'resmi_07cp119','Amritapuri',71),(332,NULL,'LMS1','editquestions','7','IT-101','2008-07-15 11:00:05','quiz',NULL,'ravi_07cp117','Amritapuri',68),(333,NULL,'LMS1','editquestions','7','IT-101','2008-07-15 11:00:10','quiz',NULL,'resmi_07cp119','Amritapuri',71),(334,NULL,'LMS1','report','7','IT-101','2008-07-15 11:00:36','quiz',NULL,'ravi_07cp117','Amritapuri',68),(335,NULL,'LMS1','review','7','IT-101','2008-07-15 11:01:10','quiz',NULL,'ravi_07cp117','Amritapuri',68),(336,NULL,'LMS1','review','7','IT-101','2008-07-15 11:01:28','quiz',NULL,'hridin_07cp118','Amritapuri',3),(337,NULL,'LMS1','update','8','Maths-101','2008-07-15 11:02:16','quiz',NULL,'resmi_07cp119','Amritapuri',71),(338,NULL,'LMS1','view','8','Maths-101','2008-07-15 11:05:20','quiz',NULL,'hridin_07cp118','Amritapuri',3),(339,NULL,'LMS1','view','8','Maths-101','2008-07-15 11:06:48','course',NULL,'resmi_07cp119','Amritapuri',71),(340,NULL,'LMS1','view','8','Maths-101','2010-08-04 06:34:22','course',NULL,'hridin_07cp118','Amritapuri',3),(341,NULL,'LMS1','view','8','Maths-101','2010-08-04 06:35:10','assignment',NULL,'resmi_07cp119','Amritapuri',71),(342,NULL,'LMS1','view','8','Maths-101','2010-04-05 10:06:04','assignment',NULL,'ravi_07cp117','Amritapuri',68),(343,NULL,'LMS1','view','8','Maths-101','2010-03-30 04:55:20','upload',NULL,'ravi_07cp117','Amritapuri',68),(344,NULL,'LMS1','view','8','Maths-101','2010-03-18 15:02:09','assignment',NULL,'ravi_07cp117','Amritapuri',68),(345,NULL,'LMS1','assign','8','Maths-101','2010-03-18 15:02:17','assignment',NULL,'ravi_07cp117','Amritapuri',68),(346,NULL,'LMS1','upload','8','Maths-101','2008-07-15 12:53:49','course',NULL,'ravi_07cp117','Amritapuri',68),(347,NULL,'LMS1','view','8','Maths-101','2008-07-15 13:01:46','course',NULL,'admin','Amritapuri',1),(348,NULL,'LMS1','view','8','Maths-101','2008-07-15 13:02:24','assignment',NULL,'hridin_07cp118','Amritapuri',3),(349,NULL,'LMS1','view','8','Maths-101','2010-03-18 15:02:02','assignment',NULL,'resmi_07cp119','Amritapuri',71),(350,NULL,'LMS1','view','8','Maths-101','2010-04-05 10:17:42','assignment',NULL,'ravi_07cp117','Amritapuri',68),(366,NULL,'LMS1','view','1','Chemistry-102','2008-07-16 09:54:05','lesson',NULL,'u308csc154','Amritapuri',75),(367,NULL,'LMS1','view','1','Chemistry-102','2008-07-16 10:21:42','course',NULL,'u308csc152','Amritapuri',76),(368,NULL,'LMS1','view','1','Chemistry-102','2010-07-25 15:27:18','lesson',NULL,'am107cp166','Amritapuri',73),(369,NULL,'LMS1','mailer','1','Chemistry-102','2008-07-16 11:01:05','course',NULL,'am107cp166','Amritapuri',73),(370,NULL,'LMS1','mailer','1','Chemistry-102','2008-07-16 11:02:32','course',NULL,'sathish_05it49','Amritapuri',77),(371,NULL,'LMS1','write','1','Chemistry-102','2010-02-19 11:13:24','course',NULL,'soumya_05it54','Amritapuri',78),(372,NULL,'LMS1','login','1','Chemistry-102','2010-02-19 11:12:44','assignment',NULL,'soumya_05it54','Amritapuri',78),(373,NULL,'LMS1','login','1','Chemistry-102','2010-02-19 11:41:40','forum',NULL,'lekshmi_05it30','Amritapuri',79),(374,NULL,'LMS1','login','1','Chemistry-102','2010-02-19 11:44:09','user',NULL,'hridin_07cp118','Amritapuri',3),(375,NULL,'LMS1','login','1','Chemistry-102','2010-02-19 11:12:41','user',NULL,'ravi_07cp117','Amritapuri',68),(376,NULL,'LMS1','login','1','Chemistry-102','2010-02-19 11:12:39','course',NULL,'hridin_07cp118','Amritapuri',3),(377,NULL,'LMS1','login','1','Chemistry-102','2010-02-19 11:13:03','course',NULL,'hridin_07cp118','Amritapuri',3),(378,NULL,'LMS1','login','1','Chemistry-102','2010-02-19 11:13:21','course',NULL,'hridin_07cp118','Amritapuri',3),(379,NULL,'LMS1','login','1','Chemistry-102','2008-07-10 12:33:31','user',NULL,'hridin_07cp118','Amritapuri',3),(380,NULL,'LMS1','login','1','Chemistry-102','2008-07-09 12:55:10','user',NULL,'hridin_07cp118','Amritapuri',3),(381,NULL,'LMS1','login','1','Chemistry-102','2008-07-10 10:22:25','course',NULL,'ravi_07cp117','Amritapuri',68),(382,NULL,'LMS1','login','1','Chemistry-102','2008-07-09 14:22:12','user',NULL,'hridin_07cp118','Amritapuri',3),(383,NULL,'LMS1','login','1','Chemistry-102','2008-07-10 17:39:48','user',NULL,'hridin_07cp118','Amritapuri',3),(384,NULL,'LMS1','login','1','Chemistry-102','2008-07-10 17:39:42','course',NULL,'ravi_07cp117','Amritapuri',68),(385,NULL,'LMS1','login','1','Chemistry-102','2008-07-10 17:39:29','user',NULL,'hridin_07cp118','Amritapuri',3),(386,NULL,'LMS1','login','2','Computer ORG-103','2008-07-07 12:05:54','user',NULL,'ravi_07cp117','Amritapuri',68),(387,NULL,'LMS1','login','2','Computer ORG-103','2008-07-10 09:54:52','course',NULL,'admin','Amritapuri',1),(388,NULL,'LMS1','logout','2','Computer ORG-103','2008-07-10 09:54:47','user',NULL,'admin','Amritapuri',1),(389,NULL,'LMS1','logout','2','Computer ORG-103','2008-07-10 09:53:15','user',NULL,'admin','Amritapuri',1),(390,NULL,'LMS1','logout','2','Computer ORG-103','2008-07-10 09:50:45','course',NULL,'admin','Amritapuri',1),(391,NULL,'LMS1','logout','2','Computer ORG-103','2008-07-10 09:44:21','user',NULL,'sumesh_07cp120','Amritapuri',69),(392,NULL,'LMS1','logout','2','Computer ORG-103','2008-07-10 09:45:14','user',NULL,'syam_07cp121','Amritapuri',70),(393,NULL,'LMS1','logout','2','Computer ORG-103','2008-07-10 09:46:44','course',NULL,'admin','Amritapuri',1),(394,NULL,'LMS1','logout','2','Computer ORG-103','2008-07-10 09:47:28','user',NULL,'ravi_07cp117','Amritapuri',68),(395,NULL,'LMS1','logout','2','Computer ORG-103','2008-07-10 09:48:13','user',NULL,'hridin_07cp118','Amritapuri',3),(396,NULL,'LMS1','logout','2','Computer ORG-103','2008-07-07 15:50:13','course',NULL,'resmi_07cp119','Amritapuri',71),(397,NULL,'LMS1','logout','2','Computer ORG-103','2008-07-08 11:09:40','user',NULL,'hridin_07cp118','Amritapuri',3),(398,NULL,'LMS1','logout','2','Computer ORG-103','2008-07-10 12:55:14','user',NULL,'ravi_07cp117','Amritapuri',68),(399,NULL,'LMS1','logout','2','Computer ORG-103','2008-07-10 12:54:18','course',NULL,'ravi_07cp117','Amritapuri',68),(400,NULL,'LMS1','logout','2','Computer ORG-103','2008-07-10 12:53:24','user',NULL,'ravi_07cp117','Amritapuri',68),(401,NULL,'LMS1','logout','2','Computer ORG-103','2008-07-10 12:52:13','user',NULL,'ravi_07cp117','Amritapuri',68),(402,NULL,'LMS1','logout','2','Computer ORG-103','2008-07-10 12:50:46','course',NULL,'ravi_07cp117','Amritapuri',68),(403,NULL,'LMS1','logout','2','Computer ORG-103','2008-07-10 12:50:09','course',NULL,'hridin_07cp118','Amritapuri',3),(404,NULL,'LMS1','update','2','Computer ORG-103','2008-07-10 12:44:14','course',NULL,'ravi_07cp117','Amritapuri',68),(405,NULL,'LMS1','update','2','Computer ORG-103','2008-07-10 12:43:36','user',NULL,'ravi_07cp117','Amritapuri',68),(406,NULL,'LMS1','update','2','Computer ORG-103','2008-07-10 12:32:50','user',NULL,'ravi_07cp117','Amritapuri',68),(407,NULL,'LMS1','view','2','Computer ORG-103','2008-07-10 12:31:55','course',NULL,'ravi_07cp117','Amritapuri',68),(408,NULL,'LMS1','view','2','Computer ORG-103','2008-07-10 12:26:47','user',NULL,'hridin_07cp118','Amritapuri',3),(409,NULL,'LMS1','update','2','Computer ORG-103','2008-07-10 12:25:18','course',NULL,'hridin_07cp118','Amritapuri',3),(410,NULL,'LMS1','upload','2','Computer ORG-103','2008-07-10 12:24:41','forum',NULL,'admin','Amritapuri',1),(411,NULL,'LMS1','upload','2','Computer ORG-103','2008-07-08 16:00:10','course',NULL,'sumesh_07cp120','Amritapuri',69),(412,NULL,'LMS1','view','2','Computer ORG-103','2008-07-10 12:22:18','course',NULL,'syam_07cp121','Amritapuri',70),(413,NULL,'LMS1','view','2','Computer ORG-103','2008-07-10 12:21:45','course',NULL,'ravi_07cp117','Amritapuri',68),(414,NULL,'LMS1','view','2','Computer ORG-103','2008-07-10 10:27:12','forum',NULL,'admin','Amritapuri',1),(415,NULL,'LMS1','view','2','Computer ORG-103','2008-07-10 12:17:11','course',NULL,'ravi_07cp117','Amritapuri',68),(416,NULL,'LMS1','view submission','2','Computer ORG-103','2008-07-10 12:16:44','course',NULL,'ravi_07cp117','Amritapuri',68),(417,NULL,'LMS1','add mod','2','Computer ORG-103','2008-07-10 12:12:22','course',NULL,'ravi_07cp117','Amritapuri',68),(418,NULL,'LMS1','add mod','2','Computer ORG-103','2008-07-09 16:30:42','course',NULL,'ravi_07cp117','Amritapuri',68),(419,NULL,'LMS1','enrol','2','Computer ORG-103','2008-07-10 12:12:06','course',NULL,'ravi_07cp117','Amritapuri',68),(420,NULL,'LMS1','recent','2','Computer ORG-103','2008-07-10 12:11:42','course',NULL,'hridin_07cp118','Amritapuri',3),(421,NULL,'LMS1','update mod','2','Computer ORG-103','2008-07-10 12:10:59','course',NULL,'ravi_07cp117','Amritapuri',68),(422,NULL,'LMS1','update mod','2','Computer ORG-103','2008-07-09 09:47:19','course',NULL,'ravi_07cp117','Amritapuri',68),(423,NULL,'LMS1','update mod','2','Computer ORG-103','2008-07-10 10:25:45','forum',NULL,'ravi_07cp117','Amritapuri',68),(424,NULL,'LMS1','view','2','Computer ORG-103','2008-07-10 10:31:17','course',NULL,'ravi_07cp117','Amritapuri',68),(425,NULL,'LMS1','view','2','Computer ORG-103','2008-07-10 12:40:36','course',NULL,'admin','Amritapuri',1),(426,NULL,'LMS1','view','2','Computer ORG-103','2008-07-10 10:30:49','course',NULL,'sumesh_07cp120','Amritapuri',69),(427,NULL,'LMS1','view','3','C Programming-101','2008-07-09 14:17:38','course',NULL,'sumesh_07cp120','Amritapuri',69),(428,NULL,'LMS1','view','3','C Programming-101','2008-07-09 14:39:52','course',NULL,'syam_07cp121','Amritapuri',70),(429,NULL,'LMS1','view','3','C Programming-101','2008-07-09 14:43:25','course',NULL,'ravi_07cp117','Amritapuri',68),(430,NULL,'LMS1','view','3','C Programming-101','2008-07-09 14:46:10','course',NULL,'admin','Amritapuri',1),(431,NULL,'LMS1','view','3','C Programming-101','2008-07-09 14:56:29','course',NULL,'admin','Amritapuri',1),(432,NULL,'LMS1','view','3','C Programming-101','2008-07-09 14:59:07','course',NULL,'admin','Amritapuri',1),(433,NULL,'LMS1','view','3','C Programming-101','2008-07-09 15:49:33','course',NULL,'admin','Amritapuri',1),(434,NULL,'LMS1','view','3','C Programming-101','2008-07-09 15:50:47','quiz',NULL,'admin','Amritapuri',1),(435,NULL,'LMS1','view','3','C Programming-101','2008-07-09 16:00:28','course',NULL,'ravi_07cp117','Amritapuri',68),(436,NULL,'LMS1','view','3','C Programming-101','2008-07-09 16:01:27','quiz',NULL,'hridin_07cp118','Amritapuri',3),(437,NULL,'LMS1','view','3','C Programming-101','2008-07-09 16:05:35','course',NULL,'resmi_07cp119','Amritapuri',71),(438,NULL,'LMS1','view','3','C Programming-101','2008-07-09 16:07:34','quiz',NULL,'hridin_07cp118','Amritapuri',3),(439,NULL,'LMS1','view','3','C Programming-101','2008-07-09 16:12:16','course',NULL,'hridin_07cp118','Amritapuri',3),(440,NULL,'LMS1','view','3','C Programming-101','2008-07-09 16:19:18','course',NULL,'ravi_07cp117','Amritapuri',68),(441,NULL,'LMS1','view','3','C Programming-101','2008-07-09 16:27:27','quiz',NULL,'resmi_07cp119','Amritapuri',71),(442,NULL,'LMS1','view','3','C Programming-101','2008-07-09 16:27:40','quiz',NULL,'ravi_07cp117','Amritapuri',68),(443,NULL,'LMS1','view','3','C Programming-101','2008-07-10 14:22:41','quiz',NULL,'ravi_07cp117','Amritapuri',68),(444,NULL,'LMS1','view','3','C Programming-101','2008-07-10 14:23:41','course',NULL,'ravi_07cp117','Amritapuri',68),(445,NULL,'LMS1','view','3','C Programming-101','2008-07-10 14:26:05','quiz',NULL,'resmi_07cp119','Amritapuri',71),(446,NULL,'LMS1','view','3','C Programming-101','2008-07-10 14:26:49','quiz',NULL,'ravi_07cp117','Amritapuri',68),(447,NULL,'LMS1','view','3','C Programming-101','2008-07-10 15:26:18','course',NULL,'ravi_07cp117','Amritapuri',68),(448,NULL,'LMS1','view','3','C Programming-101','2008-07-10 14:40:17','course',NULL,'ravi_07cp117','Amritapuri',68),(449,NULL,'LMS1','view','3','C Programming-101','2008-07-10 14:53:11','quiz',NULL,'ravi_07cp117','Amritapuri',68),(450,NULL,'LMS1','view','3','C Programming-101','2008-07-10 15:08:16','quiz',NULL,'admin','Amritapuri',1),(451,NULL,'LMS1','view','3','C Programming-101','2008-07-10 17:31:09','quiz',NULL,'admin','Amritapuri',1),(452,NULL,'LMS1','view','3','C Programming-101','2008-07-10 17:40:45','course',NULL,'hridin_07cp118','Amritapuri',3),(453,NULL,'LMS1','view','3','C Programming-101','2008-07-10 17:59:15','course',NULL,'ravi_07cp117','Amritapuri',68),(454,NULL,'LMS1','view','3','C Programming-101','2008-07-10 18:03:13','course',NULL,'ravi_07cp117','Amritapuri',68),(455,NULL,'LMS1','view','3','C Programming-101','2008-07-10 18:14:05','assignment',NULL,'ravi_07cp117','Amritapuri',68),(456,NULL,'LMS1','view','3','C Programming-101','2008-07-10 18:21:07','course',NULL,'ravi_07cp117','Amritapuri',68),(457,NULL,'LMS1','view','3','C Programming-101','2008-07-10 18:42:23','course',NULL,'ravi_07cp117','Amritapuri',68),(458,NULL,'LMS1','view','3','C Programming-101','2008-07-10 18:47:48','assignment',NULL,'ravi_07cp117','Amritapuri',68),(459,NULL,'LMS1','view','3','C Programming-101','2008-07-10 18:55:07','assignment',NULL,'ravi_07cp117','Amritapuri',68),(460,NULL,'LMS1','view','3','C Programming-101','2008-07-10 18:59:22','assignment',NULL,'ravi_07cp117','Amritapuri',68),(461,NULL,'LMS1','view','3','C Programming-101','2008-07-10 19:09:00','course',NULL,'ravi_07cp117','Amritapuri',68),(462,NULL,'LMS1','view','3','C Programming-101','2008-07-10 19:12:04','course',NULL,'ravi_07cp117','Amritapuri',68),(463,NULL,'LMS1','view','3','C Programming-101','2008-07-10 19:28:07','course',NULL,'hridin_07cp118','Amritapuri',3),(464,NULL,'LMS1','view','3','C Programming-101','2008-07-10 19:44:32','course',NULL,'ravi_07cp117','Amritapuri',68),(465,NULL,'LMS1','view','3','C Programming-101','2008-07-14 09:06:36','course',NULL,'hridin_07cp118','Amritapuri',3),(466,NULL,'LMS1','view','3','C Programming-101','2008-07-14 09:52:23','course',NULL,'hridin_07cp118','Amritapuri',3),(467,NULL,'LMS1','view','3','C Programming-101','2008-07-14 10:03:35','forum',NULL,'ravi_07cp117','Amritapuri',68),(468,NULL,'LMS1','view','3','C Programming-101','2008-07-14 10:18:32','course',NULL,'hridin_07cp118','Amritapuri',3),(469,NULL,'LMS1','view','3','C Programming-101','2008-07-14 10:18:51','course',NULL,'ravi_07cp117','Amritapuri',68),(470,NULL,'LMS1','view','3','C Programming-101','2008-07-14 10:24:53','forum',NULL,'ravi_07cp117','Amritapuri',68),(471,NULL,'LMS1','view','3','C Programming-101','2008-07-14 10:31:08','forum',NULL,'hridin_07cp118','Amritapuri',3),(472,NULL,'LMS1','view','3','C Programming-101','2008-07-14 11:13:34','forum',NULL,'hridin_07cp118','Amritapuri',3),(473,NULL,'LMS1','view','3','C Programming-101','2008-07-14 14:03:27','forum',NULL,'ravi_07cp117','Amritapuri',68),(474,NULL,'LMS1','add','3','C Programming-101','2008-07-14 15:07:44','course',NULL,'ravi_07cp117','Amritapuri',68),(475,NULL,'LMS1','add discussion','3','C Programming-101','2008-07-14 16:00:32','course',NULL,'ravi_07cp117','Amritapuri',68),(476,NULL,'LMS1','add post','3','C Programming-101','2008-07-15 09:59:38','forum',NULL,'hridin_07cp118','Amritapuri',3),(477,NULL,'LMS1','update','3','C Programming-101','2008-07-15 10:13:04','user',NULL,'ravi_07cp117','Amritapuri',68),(478,NULL,'LMS1','view discussion','3','C Programming-101','2008-07-15 10:20:03','course',NULL,'ravi_07cp117','Amritapuri',68),(479,NULL,'LMS1','view discussion','3','C Programming-101','2008-07-15 11:17:42','forum',NULL,'ravi_07cp117','Amritapuri',68),(480,NULL,'LMS1','view discussion','3','C Programming-101','2008-03-16 18:25:07','forum',NULL,'ravi_07cp117','Amritapuri',68),(481,NULL,'LMS1','view forum','3','C Programming-101','2008-03-16 18:29:26','forum',NULL,'hridin_07cp118','Amritapuri',3),(482,NULL,'LMS1','view forum','3','C Programming-101','2008-03-16 20:09:53','forum',NULL,'ravi_07cp117','Amritapuri',68),(483,NULL,'LMS1','view forum','3','C Programming-101','2008-03-17 09:42:43','forum',NULL,'ravi_07cp117','Amritapuri',68),(484,NULL,'LMS1','view forum','3','C Programming-101','2008-05-22 11:07:59','course',NULL,'ravi_07cp117','Amritapuri',68),(485,NULL,'LMS1','view forum','3','C Programming-101','2008-05-22 11:14:23','forum',NULL,'hridin_07cp118','Amritapuri',3),(486,NULL,'LMS1','view forum','3','C Programming-101','2008-05-22 11:16:52','course',NULL,'ravi_07cp117','Amritapuri',68),(487,NULL,'LMS1','end','3','C Programming-101','2008-05-22 13:39:08','course',NULL,'hridin_07cp118','Amritapuri',3),(488,NULL,'LMS1','start','3','C Programming-101','2008-05-22 13:44:48','course',NULL,'hridin_07cp118','Amritapuri',3),(489,NULL,'LMS1','start','3','C Programming-101','2008-05-22 13:52:34','course',NULL,'hridin_07cp118','Amritapuri',3),(490,NULL,'LMS1','start','3','C Programming-101','2008-05-22 13:56:10','course',NULL,'sumesh_07cp120','Amritapuri',69),(491,NULL,'LMS1','update','3','C Programming-101','2008-05-22 13:59:27','lesson',NULL,'syam_07cp121','Amritapuri',70),(492,NULL,'LMS1','view','3','C Programming-101','2008-05-22 16:53:20','course',NULL,'syam_07cp121','Amritapuri',70),(493,NULL,'LMS1','view all','3','C Programming-101','2008-07-07 10:12:31','course',NULL,'admin','Amritapuri',1),(494,NULL,'LMS1','add','3','C Programming-101','2008-07-07 10:13:28','lesson',NULL,'ravi_07cp117','Amritapuri',68),(495,NULL,'LMS1','attempt','3','C Programming-101','2008-07-07 10:14:00','course',NULL,'ravi_07cp117','Amritapuri',68),(496,NULL,'LMS1','attempt','3','C Programming-101','2008-07-07 10:14:50','course',NULL,'ravi_07cp117','Amritapuri',68),(497,NULL,'LMS1','close attempt','3','C Programming-101','2008-07-07 10:15:18','course',NULL,'ravi_07cp117','Amritapuri',68),(498,NULL,'LMS1','close attempt','3','C Programming-101','2008-07-07 10:16:11','lesson',NULL,'resmi_07cp119','Amritapuri',71),(499,NULL,'LMS1','continue attemp','3','C Programming-101','2008-07-07 10:43:01','lesson',NULL,'resmi_07cp119','Amritapuri',71),(500,NULL,'LMS1','continue attemp','3','C Programming-101','2008-07-07 11:58:38','course',NULL,'ravi_07cp117','Amritapuri',68),(501,NULL,'LMS1','editquestions','3','C Programming-101','2008-07-10 10:04:37','course',NULL,'ravi_07cp117','Amritapuri',68),(502,NULL,'LMS1','editquestions','3','C Programming-101','2008-07-07 12:06:46','lesson',NULL,'hridin_07cp118','Amritapuri',3),(503,NULL,'LMS1','editquestions','3','C Programming-101','2008-07-07 12:07:44','course',NULL,'ravi_07cp117','Amritapuri',68),(504,NULL,'LMS1','editquestions','3','C Programming-101','2008-07-10 13:08:21','lesson',NULL,'ravi_07cp117','Amritapuri',68),(505,NULL,'LMS1','editquestions','3','C Programming-101','2008-07-10 10:01:33','course',NULL,'ravi_07cp117','Amritapuri',68),(506,NULL,'LMS1','report','3','C Programming-101','2008-07-10 09:33:45','user',NULL,'hridin_07cp118','Amritapuri',3),(507,NULL,'LMS1','review','3','C Programming-101','2008-07-10 09:41:35','course',NULL,'hridin_07cp118','Amritapuri',3),(508,NULL,'LMS1','review','3','C Programming-101','2008-07-07 12:42:34','course',NULL,'ravi_07cp117','Amritapuri',68),(509,NULL,'LMS1','update','3','C Programming-101','2008-07-07 12:42:59','course',NULL,'ravi_07cp117','Amritapuri',68),(510,NULL,'LMS1','view','3','C Programming-101','2008-07-07 13:01:52','user',NULL,'ravi_07cp117','Amritapuri',68),(511,NULL,'LMS1','view','3','C Programming-101','2008-07-07 13:04:48','user',NULL,'hridin_07cp118','Amritapuri',3),(512,NULL,'LMS1','view','3','C Programming-101','2008-07-07 15:30:23','user',NULL,'resmi_07cp119','Amritapuri',71),(513,NULL,'LMS1','view','3','C Programming-101','2008-07-07 15:37:56','course',NULL,'hridin_07cp118','Amritapuri',3),(514,NULL,'LMS1','view','3','C Programming-101','2008-07-07 15:46:52','user',NULL,'ravi_07cp117','Amritapuri',68),(515,NULL,'LMS1','view','3','C Programming-101','2008-07-07 15:51:26','user',NULL,'hridin_07cp118','Amritapuri',3),(516,NULL,'LMS1','view','3','C Programming-101','2008-07-08 10:36:14','course',NULL,'resmi_07cp119','Amritapuri',71),(517,NULL,'LMS1','assign','3','C Programming-101','2008-07-08 10:56:59','course',NULL,'ravi_07cp117','Amritapuri',68),(518,NULL,'LMS1','upload','3','C Programming-101','2008-07-08 10:58:43','course',NULL,'resmi_07cp119','Amritapuri',71),(519,NULL,'LMS1','view','3','C Programming-101','2008-07-08 11:03:51','course',NULL,'ravi_07cp117','Amritapuri',68),(520,NULL,'LMS1','view','3','C Programming-101','2008-07-08 11:08:45','course',NULL,'ravi_07cp117','Amritapuri',68),(521,NULL,'LMS1','view','3','C Programming-101','2008-07-08 11:09:54','course',NULL,'hridin_07cp118','Amritapuri',3),(522,NULL,'LMS1','view','3','C Programming-101','2008-07-08 11:10:50','user',NULL,'resmi_07cp119','Amritapuri',71),(523,NULL,'LMS1','view','3','C Programming-101','2008-07-08 11:11:59','user',NULL,'hridin_07cp118','Amritapuri',3),(524,NULL,'LMS1','view','3','C Programming-101','2008-07-08 11:12:14','course',NULL,'resmi_07cp119','Amritapuri',71),(525,NULL,'LMS1','view','3','C Programming-101','2008-07-08 11:13:44','course',NULL,'hridin_07cp118','Amritapuri',3),(526,NULL,'LMS1','view','3','C Programming-101','2008-07-08 11:14:21','course',NULL,'resmi_07cp119','Amritapuri',71),(527,NULL,'LMS1','view','3','C Programming-101','2008-07-08 11:14:25','course',NULL,'ravi_07cp117','Amritapuri',68),(528,NULL,'LMS1','view','3','C Programming-101','2008-07-08 11:14:44','course',NULL,'ravi_07cp117','Amritapuri',68),(529,NULL,'LMS1','view','3','C Programming-101','2008-07-08 11:14:55','role',NULL,'ravi_07cp117','Amritapuri',68),(530,NULL,'LMS1','view','3','C Programming-101','2008-07-08 11:14:57','role',NULL,'ravi_07cp117','Amritapuri',68),(531,NULL,'LMS1','view','3','C Programming-101','2008-07-08 11:15:02','user',NULL,'ravi_07cp117','Amritapuri',68),(532,NULL,'LMS1','view','3','C Programming-101','2008-07-08 11:15:33','course',NULL,'admin','Amritapuri',1),(533,NULL,'LMS1','view','3','C Programming-101','2008-07-08 11:15:37','course',NULL,'hridin_07cp118','Amritapuri',3),(534,NULL,'LMS1','view','3','C Programming-101','2008-07-08 11:16:27','course',NULL,'resmi_07cp119','Amritapuri',71),(535,NULL,'LMS1','view','3','C Programming-101','2008-07-08 11:16:35','user',NULL,'ravi_07cp117','Amritapuri',68),(536,NULL,'LMS1','view','3','C Programming-101','2008-07-08 11:16:46','user',NULL,'hridin_07cp118','Amritapuri',3),(537,NULL,'LMS1','view','3','C Programming-101','2008-07-08 11:16:50','course',NULL,'hridin_07cp118','Amritapuri',3),(538,NULL,'LMS1','view','4','Maths-101','2008-07-08 11:17:02','user',NULL,'hridin_07cp118','Amritapuri',3),(539,NULL,'LMS1','view','4','Maths-101','2008-07-08 11:17:06','user',NULL,'syam_07cp121','Amritapuri',70),(540,NULL,'LMS1','view','4','Maths-101','2008-07-08 11:17:09','course',NULL,'ravi_07cp117','Amritapuri',68),(541,NULL,'LMS1','mailer','4','Maths-101','2008-07-08 11:17:32','user',NULL,'resmi_07cp119','Amritapuri',71),(542,NULL,'LMS1','mailer','4','Maths-101','2008-07-08 11:17:36','user',NULL,'resmi_07cp119','Amritapuri',71),(543,NULL,'LMS1','write','4','Maths-101','2008-07-08 11:17:40','course',NULL,'admin','Amritapuri',1),(544,NULL,'LMS1','login','4','Maths-101','2008-07-08 11:18:38','user',NULL,'resmi_07cp119','Amritapuri',71),(545,NULL,'LMS1','login','4','Maths-101','2008-07-08 11:18:50','user',NULL,'hridin_07cp118','Amritapuri',3),(546,NULL,'LMS1','login','4','Maths-101','2008-07-08 11:19:02','course',NULL,'ravi_07cp117','Amritapuri',68),(547,NULL,'LMS1','login','4','Maths-101','2008-07-08 11:20:05','user',NULL,'am107ec041','Amritapuri',72),(548,NULL,'LMS1','login','4','Maths-101','2008-07-08 11:23:51','user',NULL,'am107cp166','Amritapuri',73),(549,NULL,'LMS1','login','4','Maths-101','2008-07-08 11:24:37','course',NULL,'am107cp066','Amritapuri',74),(550,NULL,'LMS1','login','4','Maths-101','2008-07-08 11:27:43','user',NULL,'u308csc154','Amritapuri',75),(551,NULL,'LMS1','login','4','Maths-101','2008-07-08 11:33:39','user',NULL,'u308csc154','Amritapuri',75),(552,NULL,'LMS1','login','4','Maths-101','2008-07-08 11:35:18','course',NULL,'u308csc152','Amritapuri',76),(553,NULL,'LMS1','login','4','Maths-101','2008-07-08 11:36:41','user',NULL,'am107cp166','Amritapuri',73),(554,NULL,'LMS1','login','4','Maths-101','2008-07-08 11:40:59','user',NULL,'am107cp166','Amritapuri',73),(555,NULL,'LMS1','login','4','Maths-101','2008-07-08 11:42:59','course',NULL,'sathish_05it49','Amritapuri',77),(556,NULL,'LMS1','login','4','Maths-101','2008-07-08 11:45:49','user',NULL,'soumya_05it54','Amritapuri',78),(557,NULL,'LMS1','login','4','Maths-101','2008-07-08 11:49:28','user',NULL,'soumya_05it54','Amritapuri',78),(558,NULL,'LMS1','login','4','Maths-101','2008-07-08 11:52:36','course',NULL,'lekshmi_05it30','Amritapuri',79),(559,NULL,'LMS1','login','4','Maths-101','2008-07-08 11:52:47','course',NULL,'hridin_07cp118','Amritapuri',3),(560,NULL,'LMS1','logout','4','Maths-101','2008-07-08 11:53:06','course',NULL,'ravi_07cp117','Amritapuri',68),(561,NULL,'LMS1','logout','4','Maths-101','2008-07-08 11:53:21','user',NULL,'hridin_07cp118','Amritapuri',3),(562,NULL,'LMS1','logout','4','Maths-101','2008-07-08 11:56:05','user',NULL,'hridin_07cp118','Amritapuri',3),(563,NULL,'LMS1','logout','4','Maths-101','2008-07-08 11:57:43','course',NULL,'hridin_07cp118','Amritapuri',3),(564,NULL,'LMS1','logout','4','Maths-101','2008-07-08 12:00:07','user',NULL,'hridin_07cp118','Amritapuri',3),(565,NULL,'LMS1','logout','4','Maths-101','2008-07-08 12:00:21','course',NULL,'hridin_07cp118','Amritapuri',3),(566,NULL,'LMS1','logout','4','Maths-101','2008-07-08 12:06:28','forum',NULL,'ravi_07cp117','Amritapuri',68),(567,NULL,'LMS1','logout','4','Maths-101','2008-07-08 12:08:00','course',NULL,'hridin_07cp118','Amritapuri',3),(568,NULL,'LMS1','logout','4','Maths-101','2008-07-08 12:10:17','course',NULL,'hridin_07cp118','Amritapuri',3),(569,NULL,'LMS1','logout','4','Maths-101','2008-07-08 12:27:23','course',NULL,'ravi_07cp117','Amritapuri',68),(570,NULL,'LMS1','logout','4','Maths-101','2008-07-08 13:15:54','forum',NULL,'hridin_07cp118','Amritapuri',3),(571,NULL,'LMS1','logout','4','Maths-101','2008-07-08 13:16:49','course',NULL,'ravi_07cp117','Amritapuri',68),(572,NULL,'LMS1','logout','4','Maths-101','2008-07-08 13:16:55','course',NULL,'admin','Amritapuri',1),(573,NULL,'LMS1','logout','4','Maths-101','2008-07-08 13:17:06','course',NULL,'admin','Amritapuri',1),(574,NULL,'LMS1','logout','4','Maths-101','2008-07-08 13:17:24','course',NULL,'admin','Amritapuri',1),(575,NULL,'LMS1','logout','4','Maths-101','2008-07-08 13:18:08','course',NULL,'admin','Amritapuri',1),(576,NULL,'LMS1','update','4','Maths-101','2008-07-08 13:18:21','course',NULL,'sumesh_07cp120','Amritapuri',69),(577,NULL,'LMS1','update','4','Maths-101','2008-07-08 13:29:07','course',NULL,'syam_07cp121','Amritapuri',70),(578,NULL,'LMS1','update','4','Maths-101','2008-07-10 09:26:53','course',NULL,'admin','Amritapuri',1),(579,NULL,'LMS1','view','4','Maths-101','2008-07-10 08:51:58','forum',NULL,'ravi_07cp117','Amritapuri',68),(580,NULL,'LMS1','view','4','Maths-101','2008-07-08 13:37:38','course',NULL,'hridin_07cp118','Amritapuri',3),(581,NULL,'LMS1','update','4','Maths-101','2008-07-10 13:08:15','course',NULL,'resmi_07cp119','Amritapuri',71),(582,NULL,'LMS1','upload','4','Maths-101','2008-07-08 13:51:30','course',NULL,'hridin_07cp118','Amritapuri',3),(583,NULL,'LMS1','upload','4','Maths-101','2008-07-08 13:53:39','course',NULL,'ravi_07cp117','Amritapuri',68),(584,NULL,'LMS1','view','4','Maths-101','2008-07-08 13:55:28','course',NULL,'ravi_07cp117','Amritapuri',68),(585,NULL,'LMS1','view','4','Maths-101','2008-07-08 13:55:45','course',NULL,'ravi_07cp117','Amritapuri',68),(586,NULL,'LMS1','view','4','Maths-101','2008-07-08 13:56:38','course',NULL,'ravi_07cp117','Amritapuri',68),(587,NULL,'LMS1','view','4','Maths-101','2008-07-08 13:56:47','course',NULL,'ravi_07cp117','Amritapuri',68),(588,NULL,'LMS1','view submission','4','Maths-101','2008-07-08 13:56:50','course',NULL,'hridin_07cp118','Amritapuri',3),(589,NULL,'LMS1','add mod','4','Maths-101','2008-07-08 13:57:20','course',NULL,'ravi_07cp117','Amritapuri',68),(590,NULL,'LMS1','add mod','4','Maths-101','2008-07-08 13:57:32','quiz',NULL,'ravi_07cp117','Amritapuri',68),(591,NULL,'LMS1','enrol','4','Maths-101','2008-07-08 13:58:25','course',NULL,'ravi_07cp117','Amritapuri',68),(592,NULL,'LMS1','recent','4','Maths-101','2008-07-08 13:58:27','quiz',NULL,'ravi_07cp117','Amritapuri',68),(593,NULL,'LMS1','update mod','4','Maths-101','2008-07-08 13:59:03','course',NULL,'hridin_07cp118','Amritapuri',3),(594,NULL,'LMS1','update mod','4','Maths-101','2008-07-08 13:59:11','quiz',NULL,'hridin_07cp118','Amritapuri',3),(595,NULL,'LMS1','update mod','4','Maths-101','2008-07-10 13:08:08','course',NULL,'admin','Amritapuri',1),(596,NULL,'LMS1','view','4','Maths-101','2008-07-08 13:59:32','course',NULL,'sumesh_07cp120','Amritapuri',69),(597,NULL,'LMS1','view','4','Maths-101','2008-07-08 14:00:04','quiz',NULL,'syam_07cp121','Amritapuri',70),(598,NULL,'LMS1','view','4','Maths-101','2008-07-08 14:00:33','quiz',NULL,'ravi_07cp117','Amritapuri',68),(599,NULL,'LMS1','view','4','Maths-101','2008-07-08 14:00:41','quiz',NULL,'admin','Amritapuri',1),(600,NULL,'LMS1','view','4','Maths-101','2008-07-08 14:00:51','course',NULL,'ravi_07cp117','Amritapuri',68),(601,NULL,'LMS1','view','4','Maths-101','2008-07-08 14:01:35','quiz',NULL,'ravi_07cp117','Amritapuri',68),(602,NULL,'LMS1','view','4','Maths-101','2008-07-08 14:01:54','quiz',NULL,'ravi_07cp117','Amritapuri',68),(603,NULL,'LMS1','view','4','Maths-101','2008-07-08 14:01:59','course',NULL,'ravi_07cp117','Amritapuri',68),(604,NULL,'LMS1','view','4','Maths-101','2008-07-08 14:02:15','course',NULL,'ravi_07cp117','Amritapuri',68),(605,NULL,'LMS1','view','4','Maths-101','2008-07-08 14:02:52','quiz',NULL,'hridin_07cp118','Amritapuri',3),(606,NULL,'LMS1','view','4','Maths-101','2008-07-08 14:03:03','quiz',NULL,'ravi_07cp117','Amritapuri',68),(607,NULL,'LMS1','view','4','Maths-101','2008-07-08 14:03:17','quiz',NULL,'ravi_07cp117','Amritapuri',68),(608,NULL,'LMS1','view','4','Maths-101','2008-07-08 14:03:24','course',NULL,'ravi_07cp117','Amritapuri',68),(609,NULL,'LMS1','view','4','Maths-101','2008-07-08 14:03:39','course',NULL,'ravi_07cp117','Amritapuri',68),(610,NULL,'LMS1','view','4','Maths-101','2008-07-08 14:03:51','course',NULL,'admin','Amritapuri',1),(611,NULL,'LMS1','view','4','Maths-101','2008-07-08 14:04:00','assignment',NULL,'sumesh_07cp120','Amritapuri',69),(612,NULL,'LMS1','view','4','Maths-101','2008-07-08 14:04:13','course',NULL,'sumesh_07cp120','Amritapuri',69),(613,NULL,'LMS1','view','4','Maths-101','2008-07-08 14:04:36','course',NULL,'syam_07cp121','Amritapuri',70),(614,NULL,'LMS1','view','4','Maths-101','2008-07-08 14:04:41','assignment',NULL,'ravi_07cp117','Amritapuri',68),(615,NULL,'LMS1','view','4','Maths-101','2008-07-08 14:05:54','assignment',NULL,'admin','Amritapuri',1),(616,NULL,'LMS1','view','4','Maths-101','2008-07-08 14:06:43','assignment',NULL,'admin','Amritapuri',1),(617,NULL,'LMS1','view','4','Maths-101','2008-07-08 14:06:45','course',NULL,'admin','Amritapuri',1),(618,NULL,'LMS1','view','4','Maths-101','2008-07-08 14:06:51','course',NULL,'admin','Amritapuri',1),(619,NULL,'LMS1','view','4','Maths-101','2008-07-08 14:06:53','course',NULL,'admin','Amritapuri',1),(620,NULL,'LMS1','view','4','Maths-101','2008-07-08 14:07:03','course',NULL,'ravi_07cp117','Amritapuri',68),(621,NULL,'LMS1','view','4','Maths-101','2008-07-08 14:07:14','course',NULL,'hridin_07cp118','Amritapuri',3),(622,NULL,'LMS1','view','4','Maths-101','2008-07-08 14:07:26','course',NULL,'resmi_07cp119','Amritapuri',71),(623,NULL,'LMS1','view','4','Maths-101','2008-07-10 13:00:00','forum',NULL,'hridin_07cp118','Amritapuri',3),(624,NULL,'LMS1','view','4','Maths-101','2008-07-08 14:08:15','course',NULL,'hridin_07cp118','Amritapuri',3),(625,NULL,'LMS1','view','4','Maths-101','2008-07-08 14:08:20','course',NULL,'ravi_07cp117','Amritapuri',68),(626,NULL,'LMS1','view','4','Maths-101','2008-07-08 14:08:54','forum',NULL,'resmi_07cp119','Amritapuri',71),(627,NULL,'LMS1','view','4','Maths-101','2008-07-08 14:09:26','forum',NULL,'ravi_07cp117','Amritapuri',68),(628,NULL,'LMS1','view','4','Maths-101','2008-07-10 13:09:15','forum',NULL,'ravi_07cp117','Amritapuri',68),(629,NULL,'LMS1','view','4','Maths-101','2008-07-10 12:59:36','forum',NULL,'ravi_07cp117','Amritapuri',68),(630,NULL,'LMS1','view','4','Maths-101','2008-07-08 14:10:13','course',NULL,'resmi_07cp119','Amritapuri',71),(631,NULL,'LMS1','view','4','Maths-101','2008-07-08 14:10:59','course',NULL,'ravi_07cp117','Amritapuri',68),(632,NULL,'LMS1','view','4','Maths-101','2008-07-08 14:11:48','forum',NULL,'ravi_07cp117','Amritapuri',68),(633,NULL,'LMS1','view','4','Maths-101','2008-07-08 14:12:25','user',NULL,'ravi_07cp117','Amritapuri',68),(634,NULL,'LMS1','view','4','Maths-101','2008-07-08 14:13:05','course',NULL,'ravi_07cp117','Amritapuri',68),(635,NULL,'LMS1','view','4','Maths-101','2008-07-08 14:14:21','forum',NULL,'admin','Amritapuri',1),(636,NULL,'LMS1','view','4','Maths-101','2008-07-08 14:14:43','forum',NULL,'admin','Amritapuri',1),(637,NULL,'LMS1','view','4','Maths-101','2008-07-08 14:14:53','forum',NULL,'hridin_07cp118','Amritapuri',3),(638,NULL,'LMS1','view','4','Maths-101','2008-07-08 14:15:03','forum',NULL,'ravi_07cp117','Amritapuri',68),(639,NULL,'LMS1','view','4','Maths-101','2008-07-08 14:15:29','forum',NULL,'ravi_07cp117','Amritapuri',68),(640,NULL,'LMS1','view','4','Maths-101','2008-07-08 14:15:41','course',NULL,'ravi_07cp117','Amritapuri',68),(641,NULL,'LMS1','view','4','Maths-101','2008-07-08 14:17:09','forum',NULL,'ravi_07cp117','Amritapuri',68),(642,NULL,'LMS1','view','4','Maths-101','2008-07-08 14:21:00','course',NULL,'ravi_07cp117','Amritapuri',68),(643,NULL,'LMS1','view','5','IT-101','2008-07-10 13:07:00','course',NULL,'ravi_07cp117','Amritapuri',68),(644,NULL,'LMS1','view','5','IT-101','2008-07-08 14:25:01','course',NULL,'ravi_07cp117','Amritapuri',68),(645,NULL,'LMS1','view','5','IT-101','2008-07-08 14:25:40','course',NULL,'raj','Amritapuri',2),(646,NULL,'LMS1','add','5','IT-101','2008-07-08 14:31:12','course',NULL,'ravi_07cp117','Amritapuri',68),(647,NULL,'LMS1','add discussion','5','IT-101','2008-07-08 14:32:26','lesson',NULL,'ravi_07cp117','Amritapuri',68),(648,NULL,'LMS1','add post','5','IT-101','2008-07-10 13:06:51','course',NULL,'hridin_07cp118','Amritapuri',3),(649,NULL,'LMS1','update','5','IT-101','2008-07-08 14:38:59','course',NULL,'ravi_07cp117','Amritapuri',68),(650,NULL,'LMS1','view discussion','5','IT-101','2008-07-09 22:17:11','lesson',NULL,'hridin_07cp118','Amritapuri',3),(651,NULL,'LMS1','view discussion','5','IT-101','2008-07-10 08:50:28','course',NULL,'hridin_07cp118','Amritapuri',3),(652,NULL,'LMS1','view discussion','5','IT-101','2008-07-08 14:41:05','course',NULL,'ravi_07cp117','Amritapuri',68),(653,NULL,'LMS1','view forum','5','IT-101','2008-07-10 12:55:57','course',NULL,'hridin_07cp118','Amritapuri',3),(654,NULL,'LMS1','view forum','5','IT-101','2008-07-10 12:55:25','lesson',NULL,'ravi_07cp117','Amritapuri',68),(655,NULL,'LMS1','view forum','5','IT-101','2008-07-08 14:41:20','lesson',NULL,'ravi_07cp117','Amritapuri',68),(656,NULL,'LMS1','view forum','5','IT-101','2008-07-08 14:41:34','course',NULL,'hridin_07cp118','Amritapuri',3),(657,NULL,'LMS1','view forum','5','IT-101','2008-07-08 14:41:39','course',NULL,'hridin_07cp118','Amritapuri',3),(658,NULL,'LMS1','view forum','5','IT-101','2008-07-08 14:42:23','lesson',NULL,'ravi_07cp117','Amritapuri',68),(659,NULL,'LMS1','end','5','IT-101','2008-07-10 12:52:46','course',NULL,'ravi_07cp117','Amritapuri',68),(660,NULL,'LMS1','start','5','IT-101','2008-07-08 14:48:14','lesson',NULL,'ravi_07cp117','Amritapuri',68),(661,NULL,'LMS1','start','5','IT-101','2008-07-10 12:52:16','course',NULL,'hridin_07cp118','Amritapuri',3),(662,NULL,'LMS1','start','5','IT-101','2008-07-08 14:58:25','user',NULL,'ravi_07cp117','Amritapuri',68),(663,NULL,'LMS1','update','6','Physics-101','2008-07-08 15:02:25','course',NULL,'ravi_07cp117','Amritapuri',68),(664,NULL,'LMS1','view','6','Physics-101','2008-07-08 15:03:15','user',NULL,'ravi_07cp117','Amritapuri',68),(665,NULL,'LMS1','view all','6','Physics-101','2008-07-10 12:49:31','user',NULL,'ravi_07cp117','Amritapuri',68),(666,NULL,'LMS1','add','6','Physics-101','2008-07-10 13:05:57','course',NULL,'hridin_07cp118','Amritapuri',3),(667,NULL,'LMS1','attempt','6','Physics-101','2008-07-08 15:12:56','user',NULL,'ravi_07cp117','Amritapuri',68),(668,NULL,'LMS1','attempt','6','Physics-101','2008-07-08 15:17:09','user',NULL,'ravi_07cp117','Amritapuri',68),(669,NULL,'LMS1','close attempt','6','Physics-101','2008-07-09 16:32:04','course',NULL,'ravi_07cp117','Amritapuri',68),(670,NULL,'LMS1','close attempt','6','Physics-101','2008-07-08 15:32:05','user',NULL,'hridin_07cp118','Amritapuri',3),(671,NULL,'LMS1','continue attemp','6','Physics-101','2008-07-08 15:34:27','user',NULL,'ravi_07cp117','Amritapuri',68),(672,NULL,'LMS1','continue attemp','6','Physics-101','2008-07-08 15:41:04','course',NULL,'hridin_07cp118','Amritapuri',3),(673,NULL,'LMS1','editquestions','6','Physics-101','2008-07-08 15:45:34','user',NULL,'hridin_07cp118','Amritapuri',3),(674,NULL,'LMS1','editquestions','6','Physics-101','2008-07-08 15:57:48','user',NULL,'hridin_07cp118','Amritapuri',3),(675,NULL,'LMS1','editquestions','6','Physics-101','2008-07-08 16:05:21','course',NULL,'sumesh_07cp120','Amritapuri',69),(676,NULL,'LMS1','editquestions','6','Physics-101','2008-07-08 16:07:21','user',NULL,'syam_07cp121','Amritapuri',70),(677,NULL,'LMS1','editquestions','6','Physics-101','2008-07-08 16:11:45','user',NULL,'syam_07cp121','Amritapuri',70),(678,NULL,'LMS1','report','6','Physics-101','2008-07-08 16:12:18','course',NULL,'admin','Amritapuri',1),(679,NULL,'LMS1','review','6','Physics-101','2008-07-08 16:13:29','user',NULL,'ravi_07cp117','Amritapuri',68),(680,NULL,'LMS1','review','6','Physics-101','2008-07-08 16:14:16','user',NULL,'ravi_07cp117','Amritapuri',68),(681,NULL,'LMS1','update','6','Physics-101','2008-07-08 16:16:50','course',NULL,'ravi_07cp117','Amritapuri',68),(682,NULL,'LMS1','view','6','Physics-101','2008-07-08 16:19:31','user',NULL,'ravi_07cp117','Amritapuri',68),(683,NULL,'LMS1','view','10','C Programming-101','2008-07-08 16:19:37','user',NULL,'resmi_07cp119','Amritapuri',71),(684,NULL,'LMS1','view','10','C Programming-101','2008-07-08 16:19:39','course',NULL,'resmi_07cp119','Amritapuri',71),(685,NULL,'LMS1','view','10','C Programming-101','2008-07-08 16:22:34','user',NULL,'ravi_07cp117','Amritapuri',68),(686,NULL,'LMS1','view','10','C Programming-101','2008-07-08 16:24:28','user',NULL,'ravi_07cp117','Amritapuri',68),(687,NULL,'LMS1','view','10','C Programming-101','2008-07-08 16:24:55','course',NULL,'hridin_07cp118','Amritapuri',3),(688,NULL,'LMS1','view','10','C Programming-101','2008-07-08 16:26:55','user',NULL,'ravi_07cp117','Amritapuri',68),(689,NULL,'LMS1','assign','10','C Programming-101','2008-07-08 16:31:04','user',NULL,'ravi_07cp117','Amritapuri',68),(690,NULL,'LMS1','upload','10','C Programming-101','2008-07-08 16:31:09','course',NULL,'ravi_07cp117','Amritapuri',68),(691,NULL,'LMS1','view','10','C Programming-101','2008-07-08 16:31:45','course',NULL,'hridin_07cp118','Amritapuri',3),(692,NULL,'LMS1','view','10','C Programming-101','2008-07-08 16:31:46','user',NULL,'hridin_07cp118','Amritapuri',3),(693,NULL,'LMS1','view','10','C Programming-101','2008-07-08 16:32:21','user',NULL,'ravi_07cp117','Amritapuri',68),(694,NULL,'LMS1','view','10','C Programming-101','2008-07-08 16:33:20','user',NULL,'ravi_07cp117','Amritapuri',68),(695,NULL,'LMS1','view','10','C Programming-101','2008-07-08 16:34:15','user',NULL,'ravi_07cp117','Amritapuri',68),(696,NULL,'LMS1','view','10','C Programming-101','2008-07-10 13:05:45','user',NULL,'hridin_07cp118','Amritapuri',3),(697,NULL,'LMS1','view','10','C Programming-101','2008-07-08 16:36:55','library',NULL,'resmi_07cp119','Amritapuri',71),(698,NULL,'LMS1','view','10','C Programming-101','2008-07-08 16:38:02','message',NULL,'hridin_07cp118','Amritapuri',3),(699,NULL,'LMS1','view','8','Maths-101','2008-07-08 16:38:42','course',NULL,'ravi_07cp117','Amritapuri',68),(700,NULL,'LMS1','view','8','Maths-101','2008-07-08 16:46:35','user',NULL,'hridin_07cp118','Amritapuri',3),(701,NULL,'LMS1','view','8','Maths-101','2008-07-08 16:47:41','course',NULL,'resmi_07cp119','Amritapuri',71),(702,NULL,'LMS1','view','8','Maths-101','2008-07-08 17:58:51','course',NULL,'ravi_07cp117','Amritapuri',68),(703,NULL,'LMS1','view','8','Maths-101','2008-07-08 18:25:12','course',NULL,'resmi_07cp119','Amritapuri',71),(704,NULL,'LMS1','view','8','Maths-101','2008-07-08 20:00:07','quiz',NULL,'ravi_07cp117','Amritapuri',68),(705,NULL,'LMS1','view','8','Maths-101','2008-07-08 20:01:25','course',NULL,'ravi_07cp117','Amritapuri',68),(706,NULL,'LMS1','view','8','Maths-101','2008-07-08 22:39:31','quiz',NULL,'hridin_07cp118','Amritapuri',3),(707,NULL,'LMS1','view','8','Maths-101','2008-07-09 08:43:22','course',NULL,'resmi_07cp119','Amritapuri',71),(708,NULL,'LMS1','view','8','Maths-101','2008-07-09 08:45:31','course',NULL,'hridin_07cp118','Amritapuri',3),(709,NULL,'LMS1','view','8','Maths-101','2008-07-09 08:47:11','quiz',NULL,'resmi_07cp119','Amritapuri',71),(710,NULL,'LMS1','view','8','Maths-101','2008-07-09 08:47:33','course',NULL,'hridin_07cp118','Amritapuri',3),(711,NULL,'LMS1','view','8','Maths-101','2008-07-10 13:05:42','course',NULL,'resmi_07cp119','Amritapuri',71),(712,NULL,'LMS1','view','8','Maths-101','2008-07-09 08:48:45','quiz',NULL,'ravi_07cp117','Amritapuri',68),(728,NULL,'LMS1','login','1','Chemistry-102','2008-07-09 08:53:09','assignment',NULL,'admin','Amritapuri',1),(729,NULL,'LMS1','login','1','Chemistry-102','2008-07-09 16:31:36','assignment',NULL,'resmi_07cp119','Amritapuri',71),(730,NULL,'LMS1','login','1','Chemistry-102','2008-07-09 08:53:22','course',NULL,'hridin_07cp118','Amritapuri',3),(731,NULL,'LMS1','login','1','Chemistry-102','2008-07-09 08:53:45','course',NULL,'ravi_07cp117','Amritapuri',68),(732,NULL,'LMS1','logout','1','Chemistry-102','2008-07-09 08:54:00','assignment',NULL,'am107ec041','Amritapuri',72),(733,NULL,'LMS1','logout','1','Chemistry-102','2008-07-09 08:54:25','assignment',NULL,'am107cp166','Amritapuri',73),(734,NULL,'LMS1','logout','1','Chemistry-102','2008-07-09 16:30:02','assignment',NULL,'am107cp066','Amritapuri',74),(735,NULL,'LMS1','logout','1','Chemistry-102','2008-07-09 08:54:48','course',NULL,'u308csc154','Amritapuri',75),(736,NULL,'LMS1','logout','1','Chemistry-102','2008-07-09 08:55:04','course',NULL,'u308csc154','Amritapuri',75),(737,NULL,'LMS1','logout','1','Chemistry-102','2008-07-10 13:04:47','forum',NULL,'u308csc152','Amritapuri',76),(738,NULL,'LMS1','logout','1','Chemistry-102','2008-07-09 08:55:35','course',NULL,'am107cp166','Amritapuri',73),(739,NULL,'LMS1','logout','1','Chemistry-102','2008-07-09 16:29:38','course',NULL,'am107cp166','Amritapuri',73),(740,NULL,'LMS1','logout','1','Chemistry-102','2008-07-09 08:56:25','forum',NULL,'sathish_05it49','Amritapuri',77),(741,NULL,'LMS1','logout','1','Chemistry-102','2008-07-09 08:56:39','forum',NULL,'soumya_05it54','Amritapuri',78),(742,NULL,'LMS1','logout','1','Chemistry-102','2008-07-09 08:56:59','forum',NULL,'soumya_05it54','Amritapuri',78),(743,NULL,'LMS1','logout','1','Chemistry-102','2008-07-10 13:04:36','forum',NULL,'lekshmi_05it30','Amritapuri',79),(744,NULL,'LMS1','logout','1','Chemistry-102','2008-07-09 08:57:36','course',NULL,'hridin_07cp118','Amritapuri',3),(745,NULL,'LMS1','logout','1','Chemistry-102','2008-07-09 08:57:50','course',NULL,'ravi_07cp117','Amritapuri',68),(746,NULL,'LMS1','logout','1','Chemistry-102','2008-07-09 08:58:27','lesson',NULL,'hridin_07cp118','Amritapuri',3),(747,NULL,'LMS1','logout','1','Chemistry-102','2008-07-09 08:58:46','workshop',NULL,'hridin_07cp118','Amritapuri',3),(748,NULL,'LMS1','update','2','Computer ORG-103','2008-07-09 08:58:46','lesson',NULL,'hridin_07cp118','Amritapuri',3),(749,NULL,'LMS1','update','2','Computer ORG-103','2008-07-09 08:58:51','lesson',NULL,'hridin_07cp118','Amritapuri',3),(750,NULL,'LMS1','update','2','Computer ORG-103','2008-07-09 08:59:09','lesson',NULL,'hridin_07cp118','Amritapuri',3),(751,NULL,'LMS1','view','2','Computer ORG-103','2008-07-10 12:09:54','course',NULL,'ravi_07cp117','Amritapuri',68),(752,NULL,'LMS1','view','2','Computer ORG-103','2008-07-09 08:59:58','lesson',NULL,'hridin_07cp118','Amritapuri',3),(753,NULL,'LMS1','update','2','Computer ORG-103','2008-07-09 09:00:12','workshop',NULL,'hridin_07cp118','Amritapuri',3),(754,NULL,'LMS1','upload','2','Computer ORG-103','2008-07-10 13:04:14','course',NULL,'ravi_07cp117','Amritapuri',68),(755,NULL,'LMS1','upload','2','Computer ORG-103','2008-07-09 09:01:46','course',NULL,'hridin_07cp118','Amritapuri',3),(756,NULL,'LMS1','view','2','Computer ORG-103','2008-07-09 09:02:18','assignment',NULL,'ravi_07cp117','Amritapuri',68),(757,NULL,'LMS1','view','2','Computer ORG-103','2008-07-10 11:58:16','forum',NULL,'admin','Amritapuri',1),(758,NULL,'LMS1','view','2','Computer ORG-103','2008-07-10 11:56:11','user',NULL,'admin','Amritapuri',1),(759,NULL,'LMS1','view','2','Computer ORG-103','2008-07-09 09:05:42','user',NULL,'admin','Amritapuri',1),(760,NULL,'LMS1','view submission','2','Computer ORG-103','2008-07-09 09:06:40','course',NULL,'admin','Amritapuri',1),(761,NULL,'LMS1','add mod','2','Computer ORG-103','2008-07-10 11:53:02','course',NULL,'sumesh_07cp120','Amritapuri',69),(762,NULL,'LMS1','add mod','2','Computer ORG-103','2008-07-09 09:12:16','course',NULL,'syam_07cp121','Amritapuri',70),(763,NULL,'LMS1','enrol','2','Computer ORG-103','2008-07-09 09:14:07','user',NULL,'admin','Amritapuri',1),(764,NULL,'LMS1','recent','2','Computer ORG-103','2008-07-10 11:48:25','user',NULL,'ravi_07cp117','Amritapuri',68),(765,NULL,'LMS1','update mod','2','Computer ORG-103','2008-07-09 09:14:20','user',NULL,'hridin_07cp118','Amritapuri',3),(766,NULL,'LMS1','update mod','2','Computer ORG-103','2008-07-10 11:46:13','course',NULL,'resmi_07cp119','Amritapuri',71),(767,NULL,'LMS1','update mod','2','Computer ORG-103','2008-07-09 09:15:45','user',NULL,'hridin_07cp118','Amritapuri',3),(768,NULL,'LMS1','view','2','Computer ORG-103','2008-07-09 09:20:46','user',NULL,'ravi_07cp117','Amritapuri',68),(769,NULL,'LMS1','view','2','Computer ORG-103','2008-07-09 17:59:59','course',NULL,'ravi_07cp117','Amritapuri',68),(770,NULL,'LMS1','view','2','Computer ORG-103','2008-07-09 09:24:13','course',NULL,'ravi_07cp117','Amritapuri',68),(771,NULL,'LMS1','view','2','Computer ORG-103','2008-07-09 09:26:19','course',NULL,'ravi_07cp117','Amritapuri',68),(772,NULL,'LMS1','view','2','Computer ORG-103','2008-07-09 09:26:30','course',NULL,'ravi_07cp117','Amritapuri',68),(773,NULL,'LMS1','view','2','Computer ORG-103','2008-07-09 09:26:57','course',NULL,'hridin_07cp118','Amritapuri',3),(774,NULL,'LMS1','view','2','Computer ORG-103','2008-07-09 09:28:25','course',NULL,'ravi_07cp117','Amritapuri',68),(775,NULL,'LMS1','view','2','Computer ORG-103','2008-07-10 11:34:38','user',NULL,'ravi_07cp117','Amritapuri',68),(776,NULL,'LMS1','view','2','Computer ORG-103','2008-07-09 09:30:22','course',NULL,'ravi_07cp117','Amritapuri',68),(777,NULL,'LMS1','view','2','Computer ORG-103','2008-07-10 11:33:30','course',NULL,'ravi_07cp117','Amritapuri',68),(778,NULL,'LMS1','view','2','Computer ORG-103','2008-07-09 09:40:57','course',NULL,'hridin_07cp118','Amritapuri',3),(779,NULL,'LMS1','view','2','Computer ORG-103','2008-07-09 09:41:20','course',NULL,'hridin_07cp118','Amritapuri',3),(780,NULL,'LMS1','view','2','Computer ORG-103','2008-07-09 09:42:38','role',NULL,'admin','Amritapuri',1),(781,NULL,'LMS1','view','2','Computer ORG-103','2008-07-09 09:43:18','role',NULL,'sumesh_07cp120','Amritapuri',69),(782,NULL,'LMS1','view','2','Computer ORG-103','2008-07-09 09:44:09','user',NULL,'syam_07cp121','Amritapuri',70),(783,NULL,'LMS1','view','2','Computer ORG-103','2008-07-10 11:27:51','course',NULL,'ravi_07cp117','Amritapuri',68),(784,NULL,'LMS1','view','2','Computer ORG-103','2008-07-09 09:45:57','user',NULL,'admin','Amritapuri',1),(785,NULL,'LMS1','view','2','Computer ORG-103','2008-07-09 09:47:35','user',NULL,'ravi_07cp117','Amritapuri',68),(786,NULL,'LMS1','view','2','Computer ORG-103','2008-07-09 09:48:05','course',NULL,'ravi_07cp117','Amritapuri',68),(787,NULL,'LMS1','view','2','Computer ORG-103','2008-07-10 11:19:43','user',NULL,'ravi_07cp117','Amritapuri',68),(788,NULL,'LMS1','view','2','Computer ORG-103','2008-07-09 09:54:20','user',NULL,'ravi_07cp117','Amritapuri',68),(789,NULL,'LMS1','view','3','C Programming-101','2008-07-10 11:16:09','course',NULL,'ravi_07cp117','Amritapuri',68),(790,NULL,'LMS1','view','3','C Programming-101','2008-07-09 09:56:37','user',NULL,'hridin_07cp118','Amritapuri',3),(791,NULL,'LMS1','view','3','C Programming-101','2008-07-09 09:56:47','user',NULL,'ravi_07cp117','Amritapuri',68),(792,NULL,'LMS1','view','3','C Programming-101','2008-07-09 09:57:23','course',NULL,'ravi_07cp117','Amritapuri',68),(793,NULL,'LMS1','view','3','C Programming-101','2008-07-09 09:59:19','user',NULL,'ravi_07cp117','Amritapuri',68),(794,NULL,'LMS1','view','3','C Programming-101','2008-07-09 09:59:47','user',NULL,'ravi_07cp117','Amritapuri',68),(795,NULL,'LMS1','view','3','C Programming-101','2008-07-09 10:00:31','course',NULL,'admin','Amritapuri',1),(796,NULL,'LMS1','view','3','C Programming-101','2008-07-09 10:02:48','user',NULL,'sumesh_07cp120','Amritapuri',69),(797,NULL,'LMS1','view','3','C Programming-101','2008-07-09 10:08:27','user',NULL,'sumesh_07cp120','Amritapuri',69),(798,NULL,'LMS1','view','3','C Programming-101','2008-07-09 10:12:37','course',NULL,'syam_07cp121','Amritapuri',70),(799,NULL,'LMS1','view','3','C Programming-101','2008-07-10 13:02:23','user',NULL,'ravi_07cp117','Amritapuri',68),(800,NULL,'LMS1','view','3','C Programming-101','2008-07-09 10:15:36','user',NULL,'admin','Amritapuri',1),(801,NULL,'LMS1','view','3','C Programming-101','2008-07-09 17:54:21','course',NULL,'admin','Amritapuri',1),(802,NULL,'LMS1','view','3','C Programming-101','2008-07-09 16:36:47','user',NULL,'admin','Amritapuri',1),(803,NULL,'LMS1','view','3','C Programming-101','2008-07-09 16:33:16','user',NULL,'admin','Amritapuri',1),(804,NULL,'LMS1','view','3','C Programming-101','2008-07-09 16:32:37','course',NULL,'admin','Amritapuri',1),(805,NULL,'LMS1','view','3','C Programming-101','2008-07-09 10:22:59','user',NULL,'ravi_07cp117','Amritapuri',68),(806,NULL,'LMS1','view','3','C Programming-101','2008-07-09 10:26:00','user',NULL,'hridin_07cp118','Amritapuri',3),(807,NULL,'LMS1','view','3','C Programming-101','2008-07-09 10:27:04','course',NULL,'resmi_07cp119','Amritapuri',71),(808,NULL,'LMS1','view','3','C Programming-101','2008-07-09 10:27:28','user',NULL,'hridin_07cp118','Amritapuri',3),(809,NULL,'LMS1','view','3','C Programming-101','2008-07-09 10:31:15','user',NULL,'hridin_07cp118','Amritapuri',3),(810,NULL,'LMS1','view','3','C Programming-101','2008-07-09 10:33:24','course',NULL,'ravi_07cp117','Amritapuri',68),(811,NULL,'LMS1','view','3','C Programming-101','2008-07-09 10:34:04','course',NULL,'resmi_07cp119','Amritapuri',71),(812,NULL,'LMS1','view','3','C Programming-101','2008-07-09 10:35:37','user',NULL,'ravi_07cp117','Amritapuri',68),(813,NULL,'LMS1','view','3','C Programming-101','2008-07-09 10:36:24','user',NULL,'ravi_07cp117','Amritapuri',68),(814,NULL,'LMS1','view','3','C Programming-101','2008-07-09 10:38:52','user',NULL,'ravi_07cp117','Amritapuri',68),(815,NULL,'LMS1','view','3','C Programming-101','2008-07-09 10:41:55','user',NULL,'resmi_07cp119','Amritapuri',71),(816,NULL,'LMS1','view','3','C Programming-101','2008-07-09 10:41:58','user',NULL,'ravi_07cp117','Amritapuri',68),(817,NULL,'LMS1','view','3','C Programming-101','2008-07-09 10:42:00','library',NULL,'ravi_07cp117','Amritapuri',68),(818,NULL,'LMS1','add','3','C Programming-101','2008-07-09 10:42:02','message',NULL,'ravi_07cp117','Amritapuri',68),(819,NULL,'LMS1','add discussion','3','C Programming-101','2008-07-09 10:42:03','course',NULL,'ravi_07cp117','Amritapuri',68),(820,NULL,'LMS1','add post','3','C Programming-101','2008-07-09 10:42:05','user',NULL,'admin','Amritapuri',1),(821,NULL,'LMS1','update','3','C Programming-101','2008-07-09 10:42:06','course',NULL,'admin','Amritapuri',1),(822,NULL,'LMS1','view discussion','3','C Programming-101','2008-07-09 10:42:07','course',NULL,'hridin_07cp118','Amritapuri',3),(823,NULL,'LMS1','view discussion','3','C Programming-101','2008-07-09 10:42:08','course',NULL,'raj','Amritapuri',2),(824,NULL,'LMS1','view discussion','3','C Programming-101','2008-07-09 10:42:10','quiz',NULL,'ravi_07cp117','Amritapuri',68),(825,NULL,'LMS1','view forum','3','C Programming-101','2008-07-09 10:42:57','course',NULL,'raj','Amritapuri',2),(826,NULL,'LMS1','view forum','3','C Programming-101','2008-07-09 10:45:34','quiz',NULL,'ravi_07cp117','Amritapuri',68),(827,NULL,'LMS1','view forum','3','C Programming-101','2008-07-09 10:48:43','course',NULL,'resmi_07cp119','Amritapuri',71),(828,NULL,'LMS1','view forum','3','C Programming-101','2008-07-09 10:49:29','course',NULL,'ravi_07cp117','Amritapuri',68),(829,NULL,'LMS1','view forum','3','C Programming-101','2008-07-09 10:49:34','quiz',NULL,'ravi_07cp117','Amritapuri',68),(830,NULL,'LMS1','view forum','3','C Programming-101','2008-07-09 10:49:42','course',NULL,'ravi_07cp117','Amritapuri',68),(831,NULL,'LMS1','end','3','C Programming-101','2008-07-09 10:50:28','course',NULL,'raj','Amritapuri',2),(832,NULL,'LMS1','start','3','C Programming-101','2008-07-09 10:51:36','quiz',NULL,'ravi_07cp117','Amritapuri',68),(833,NULL,'LMS1','start','3','C Programming-101','2008-07-09 10:51:45','quiz',NULL,'hridin_07cp118','Amritapuri',3),(834,NULL,'LMS1','start','3','C Programming-101','2008-07-09 10:54:30','quiz',NULL,'ravi_07cp117','Amritapuri',68),(835,NULL,'LMS1','update','3','C Programming-101','2008-07-09 10:57:25','quiz',NULL,'hridin_07cp118','Amritapuri',3),(836,NULL,'LMS1','view','3','C Programming-101','2008-07-09 11:00:23','quiz',NULL,'hridin_07cp118','Amritapuri',3),(837,NULL,'LMS1','view all','3','C Programming-101','2008-07-09 11:01:14','quiz',NULL,'ravi_07cp117','Amritapuri',68),(838,NULL,'LMS1','add','3','C Programming-101','2008-07-09 11:01:37','quiz',NULL,'hridin_07cp118','Amritapuri',3),(839,NULL,'LMS1','attempt','3','C Programming-101','2008-07-09 11:01:43','quiz',NULL,'ravi_07cp117','Amritapuri',68),(840,NULL,'LMS1','attempt','3','C Programming-101','2008-07-09 11:02:02','quiz',NULL,'ravi_07cp117','Amritapuri',68),(841,NULL,'LMS1','close attempt','3','C Programming-101','2008-07-09 11:03:22','quiz',NULL,'hridin_07cp118','Amritapuri',3),(842,NULL,'LMS1','close attempt','3','C Programming-101','2008-07-09 11:04:06','quiz',NULL,'hridin_07cp118','Amritapuri',3),(843,NULL,'LMS1','continue attemp','3','C Programming-101','2008-07-09 11:05:17','course',NULL,'raj','Amritapuri',2),(844,NULL,'LMS1','continue attemp','3','C Programming-101','2008-07-09 11:07:31','course',NULL,'ravi_07cp117','Amritapuri',68),(845,NULL,'LMS1','editquestions','3','C Programming-101','2008-07-09 11:08:38','assignment',NULL,'ravi_07cp117','Amritapuri',68),(846,NULL,'LMS1','editquestions','3','C Programming-101','2008-07-09 11:09:51','assignment',NULL,'hridin_07cp118','Amritapuri',3),(847,NULL,'LMS1','editquestions','3','C Programming-101','2008-07-09 11:12:22','upload',NULL,'ravi_07cp117','Amritapuri',68),(848,NULL,'LMS1','editquestions','3','C Programming-101','2008-07-09 11:13:25','assignment',NULL,'ravi_07cp117','Amritapuri',68),(849,NULL,'LMS1','editquestions','3','C Programming-101','2008-07-09 11:23:16','assignment',NULL,'ravi_07cp117','Amritapuri',68),(850,NULL,'LMS1','report','3','C Programming-101','2008-07-09 11:31:27','course',NULL,'raj','Amritapuri',2),(851,NULL,'LMS1','review','3','C Programming-101','2008-07-09 11:35:15','course',NULL,'hridin_07cp118','Amritapuri',3),(852,NULL,'LMS1','review','3','C Programming-101','2008-07-09 11:38:44','assignment',NULL,'ravi_07cp117','Amritapuri',68),(853,NULL,'LMS1','update','3','C Programming-101','2008-07-09 11:46:36','assignment',NULL,'ravi_07cp117','Amritapuri',68),(854,NULL,'LMS1','view','3','C Programming-101','2008-07-09 12:04:38','assignment',NULL,'ravi_07cp117','Amritapuri',68),(855,NULL,'LMS1','view','3','C Programming-101','2008-07-09 12:09:05','course',NULL,'hridin_07cp118','Amritapuri',3),(856,NULL,'LMS1','view','3','C Programming-101','2008-07-09 12:09:10','course',NULL,'raj','Amritapuri',2),(857,NULL,'LMS1','view','3','C Programming-101','2008-07-09 12:12:52','forum',NULL,'hridin_07cp118','Amritapuri',3),(858,NULL,'LMS1','view','3','C Programming-101','2008-07-09 12:14:44','course',NULL,'hridin_07cp118','Amritapuri',3),(859,NULL,'LMS1','view','3','C Programming-101','2008-07-09 12:23:05','course',NULL,'hridin_07cp118','Amritapuri',3),(860,NULL,'LMS1','view','3','C Programming-101','2008-07-09 12:39:15','forum',NULL,'sumesh_07cp120','Amritapuri',69),(861,NULL,'LMS1','assign','3','C Programming-101','2008-07-09 12:40:47','forum',NULL,'syam_07cp121','Amritapuri',70),(862,NULL,'LMS1','upload','3','C Programming-101','2008-07-09 12:46:53','forum',NULL,'syam_07cp121','Amritapuri',70),(863,NULL,'LMS1','view','3','C Programming-101','2008-07-09 13:00:20','forum',NULL,'admin','Amritapuri',1),(864,NULL,'LMS1','view','3','C Programming-101','2008-07-09 13:12:46','course',NULL,'ravi_07cp117','Amritapuri',68),(865,NULL,'LMS1','view','3','C Programming-101','2008-07-09 13:29:21','course',NULL,'ravi_07cp117','Amritapuri',68),(866,NULL,'LMS1','view','3','C Programming-101','2008-07-09 13:32:56','lesson',NULL,'ravi_07cp117','Amritapuri',68),(867,NULL,'LMS1','view','3','C Programming-101','2008-07-09 13:36:32','course',NULL,'ravi_07cp117','Amritapuri',68),(868,NULL,'LMS1','view','3','C Programming-101','2008-07-09 13:41:11','lesson',NULL,'resmi_07cp119','Amritapuri',71),(869,NULL,'LMS1','view','3','C Programming-101','2008-07-09 13:44:38','lesson',NULL,'resmi_07cp119','Amritapuri',71),(870,NULL,'LMS1','view','3','C Programming-101','2008-07-09 13:45:04','lesson',NULL,'ravi_07cp117','Amritapuri',68),(871,NULL,'LMS1','view','3','C Programming-101','2008-07-09 13:46:45','course',NULL,'ravi_07cp117','Amritapuri',68),(872,NULL,'LMS1','view','3','C Programming-101','2008-07-09 13:55:51','lesson',NULL,'hridin_07cp118','Amritapuri',3),(873,NULL,'LMS1','view','3','C Programming-101','2008-07-09 14:04:41','course',NULL,'ravi_07cp117','Amritapuri',68),(874,NULL,'LMS1','view','3','C Programming-101','2008-07-09 14:07:01','course',NULL,'ravi_07cp117','Amritapuri',68),(875,NULL,'LMS1','view','3','C Programming-101','2008-07-09 14:13:18','course',NULL,'ravi_07cp117','Amritapuri',68),(876,NULL,'LMS1','view','3','C Programming-101','2008-07-09 14:23:28','assignment',NULL,'hridin_07cp118','Amritapuri',3),(877,NULL,'LMS1','view','3','C Programming-101','2008-07-09 14:25:58','forum',NULL,'hridin_07cp118','Amritapuri',3),(878,NULL,'LMS1','view','3','C Programming-101','2008-07-09 14:27:16','user',NULL,'ravi_07cp117','Amritapuri',68),(879,NULL,'LMS1','view','3','C Programming-101','2008-07-09 14:38:41','user',NULL,'ravi_07cp117','Amritapuri',68),(880,NULL,'LMS1','view','3','C Programming-101','2008-07-09 14:52:40','course',NULL,'ravi_07cp117','Amritapuri',68),(881,NULL,'LMS1','view','3','C Programming-101','2008-07-09 15:04:03','course',NULL,'hridin_07cp118','Amritapuri',3),(882,NULL,'LMS1','view','3','C Programming-101','2008-07-09 15:04:57','course',NULL,'resmi_07cp119','Amritapuri',71),(883,NULL,'LMS1','view','3','C Programming-101','2008-07-09 15:24:14','user',NULL,'hridin_07cp118','Amritapuri',3),(884,NULL,'LMS1','view','3','C Programming-101','2008-07-09 15:24:45','user',NULL,'ravi_07cp117','Amritapuri',68),(885,NULL,'LMS1','mailer','3','C Programming-101','2008-07-09 15:25:32','course',NULL,'hridin_07cp118','Amritapuri',3),(886,NULL,'LMS1','mailer','3','C Programming-101','2008-07-09 15:30:14','user',NULL,'resmi_07cp119','Amritapuri',71),(887,NULL,'LMS1','write','3','C Programming-101','2008-07-09 15:33:03','user',NULL,'ravi_07cp117','Amritapuri',68),(888,NULL,'LMS1','login','3','C Programming-101','2008-07-09 15:37:03','course',NULL,'resmi_07cp119','Amritapuri',71),(889,NULL,'LMS1','login','3','C Programming-101','2008-07-09 15:38:49','user',NULL,'ravi_07cp117','Amritapuri',68),(890,NULL,'LMS1','login','3','C Programming-101','2008-07-09 15:41:49','user',NULL,'ravi_07cp117','Amritapuri',68),(891,NULL,'LMS1','login','3','C Programming-101','2008-07-09 15:42:20','course',NULL,'hridin_07cp118','Amritapuri',3),(892,NULL,'LMS1','login','3','C Programming-101','2008-07-09 15:43:59','user',NULL,'resmi_07cp119','Amritapuri',71),(893,NULL,'LMS1','login','3','C Programming-101','2008-07-09 15:47:48','user',NULL,'hridin_07cp118','Amritapuri',3),(894,NULL,'LMS1','login','3','C Programming-101','2008-07-09 15:54:06','course',NULL,'resmi_07cp119','Amritapuri',71),(895,NULL,'LMS1','login','3','C Programming-101','2008-07-09 15:58:29','user',NULL,'hridin_07cp118','Amritapuri',3),(896,NULL,'LMS1','login','3','C Programming-101','2008-07-09 15:58:39','user',NULL,'resmi_07cp119','Amritapuri',71),(897,NULL,'LMS1','login','3','C Programming-101','2008-07-09 16:07:57','course',NULL,'ravi_07cp117','Amritapuri',68),(898,NULL,'LMS1','login','3','C Programming-101','2008-07-09 16:08:03','user',NULL,'ravi_07cp117','Amritapuri',68),(899,NULL,'LMS1','login','3','C Programming-101','2008-07-09 16:16:13','user',NULL,'ravi_07cp117','Amritapuri',68),(900,NULL,'LMS1','login','4','Maths-101','2008-07-10 13:10:07','course',NULL,'ravi_07cp117','Amritapuri',68),(901,NULL,'LMS1','login','4','Maths-101','2008-07-10 13:11:33','user',NULL,'ravi_07cp117','Amritapuri',68),(902,NULL,'LMS1','login','4','Maths-101','2008-07-10 13:14:06','user',NULL,'admin','Amritapuri',1),(903,NULL,'LMS1','login','4','Maths-101','2008-07-10 13:16:11','course',NULL,'hridin_07cp118','Amritapuri',3),(904,NULL,'LMS1','logout','4','Maths-101','2008-07-10 13:52:37','user',NULL,'resmi_07cp119','Amritapuri',71),(905,NULL,'LMS1','logout','4','Maths-101','2008-07-10 14:04:35','user',NULL,'ravi_07cp117','Amritapuri',68),(906,NULL,'LMS1','logout','4','Maths-101','2008-07-10 14:05:19','course',NULL,'hridin_07cp118','Amritapuri',3),(907,NULL,'LMS1','logout','4','Maths-101','2008-07-10 14:05:52','course',NULL,'hridin_07cp118','Amritapuri',3),(908,NULL,'LMS1','logout','4','Maths-101','2008-07-10 14:07:03','course',NULL,'hridin_07cp118','Amritapuri',3),(909,NULL,'LMS1','logout','4','Maths-101','2008-07-10 14:07:41','user',NULL,'syam_07cp121','Amritapuri',70),(910,NULL,'LMS1','logout','4','Maths-101','2008-07-10 14:08:15','user',NULL,'ravi_07cp117','Amritapuri',68),(911,NULL,'LMS1','logout','4','Maths-101','2008-07-10 14:09:27','course',NULL,'resmi_07cp119','Amritapuri',71),(912,NULL,'LMS1','logout','4','Maths-101','2008-07-10 14:09:59','user',NULL,'resmi_07cp119','Amritapuri',71),(913,NULL,'LMS1','logout','4','Maths-101','2008-07-10 14:10:25','course',NULL,'admin','Amritapuri',1),(914,NULL,'LMS1','logout','4','Maths-101','2008-07-10 14:11:31','forum',NULL,'resmi_07cp119','Amritapuri',71),(915,NULL,'LMS1','logout','4','Maths-101','2008-07-10 14:13:33','course',NULL,'hridin_07cp118','Amritapuri',3),(916,NULL,'LMS1','logout','4','Maths-101','2008-07-10 14:19:54','course',NULL,'ravi_07cp117','Amritapuri',68),(917,NULL,'LMS1','logout','4','Maths-101','2008-07-10 14:23:04','course',NULL,'am107ec041','Amritapuri',72),(918,NULL,'LMS1','logout','4','Maths-101','2008-07-10 14:31:19','forum',NULL,'am107cp166','Amritapuri',73),(919,NULL,'LMS1','logout','4','Maths-101','2008-07-10 14:36:11','course',NULL,'am107cp066','Amritapuri',74),(920,NULL,'LMS1','update','4','Maths-101','2008-07-10 14:37:34','course',NULL,'u308csc154','Amritapuri',75),(921,NULL,'LMS1','update','4','Maths-101','2008-07-10 14:40:24','course',NULL,'u308csc154','Amritapuri',75),(922,NULL,'LMS1','update','4','Maths-101','2008-07-10 14:41:52','course',NULL,'u308csc152','Amritapuri',76),(923,NULL,'LMS1','view','4','Maths-101','2008-07-10 14:52:15','course',NULL,'am107cp166','Amritapuri',73),(924,NULL,'LMS1','view','4','Maths-101','2008-07-10 15:03:30','course',NULL,'am107cp166','Amritapuri',73),(925,NULL,'LMS1','update','4','Maths-101','2008-07-10 15:14:47','course',NULL,'sathish_05it49','Amritapuri',77),(926,NULL,'LMS1','upload','4','Maths-101','2008-07-10 15:16:48','course',NULL,'soumya_05it54','Amritapuri',78),(927,NULL,'LMS1','upload','4','Maths-101','2008-07-10 15:17:55','forum',NULL,'soumya_05it54','Amritapuri',78),(928,NULL,'LMS1','view','4','Maths-101','2008-07-10 15:18:32','course',NULL,'lekshmi_05it30','Amritapuri',79),(929,NULL,'LMS1','view','4','Maths-101','2008-07-10 15:19:50','course',NULL,'hridin_07cp118','Amritapuri',3),(930,NULL,'LMS1','view','4','Maths-101','2008-07-10 15:32:00','course',NULL,'ravi_07cp117','Amritapuri',68),(931,NULL,'LMS1','view','4','Maths-101','2008-07-10 15:32:25','course',NULL,'hridin_07cp118','Amritapuri',3),(932,NULL,'LMS1','view submission','4','Maths-101','2008-07-10 15:35:29','course',NULL,'hridin_07cp118','Amritapuri',3),(933,NULL,'LMS1','add mod','4','Maths-101','2008-07-10 15:37:36','course',NULL,'hridin_07cp118','Amritapuri',3),(934,NULL,'LMS1','add mod','4','Maths-101','2008-07-10 15:38:36','course',NULL,'hridin_07cp118','Amritapuri',3),(935,NULL,'LMS1','enrol','4','Maths-101','2008-07-10 15:41:02','course',NULL,'hridin_07cp118','Amritapuri',3),(936,NULL,'LMS1','recent','4','Maths-101','2008-07-10 15:44:25','course',NULL,'ravi_07cp117','Amritapuri',68),(937,NULL,'LMS1','update mod','4','Maths-101','2008-07-10 15:45:33','course',NULL,'hridin_07cp118','Amritapuri',3),(938,NULL,'LMS1','update mod','4','Maths-101','2008-07-10 15:46:04','quiz',NULL,'hridin_07cp118','Amritapuri',3),(939,NULL,'LMS1','update mod','4','Maths-101','2008-07-10 15:46:18','course',NULL,'ravi_07cp117','Amritapuri',68),(940,NULL,'LMS1','view','4','Maths-101','2008-07-10 15:46:30','quiz',NULL,'hridin_07cp118','Amritapuri',3),(941,NULL,'LMS1','view','4','Maths-101','2008-07-10 15:47:08','course',NULL,'ravi_07cp117','Amritapuri',68),(942,NULL,'LMS1','view','4','Maths-101','2008-07-10 15:50:32','quiz',NULL,'admin','Amritapuri',1),(943,NULL,'LMS1','view','4','Maths-101','2008-07-10 15:51:23','course',NULL,'admin','Amritapuri',1),(944,NULL,'LMS1','view','4','Maths-101','2008-07-10 15:51:43','course',NULL,'admin','Amritapuri',1),(945,NULL,'LMS1','view','4','Maths-101','2008-07-10 15:55:54','quiz',NULL,'admin','Amritapuri',1),(946,NULL,'LMS1','view','4','Maths-101','2008-07-10 16:03:46','quiz',NULL,'sumesh_07cp120','Amritapuri',69),(947,NULL,'LMS1','view','4','Maths-101','2008-07-10 16:04:58','quiz',NULL,'syam_07cp121','Amritapuri',70),(948,NULL,'LMS1','view','4','Maths-101','2008-07-10 16:05:14','course',NULL,'admin','Amritapuri',1),(949,NULL,'LMS1','view','4','Maths-101','2008-07-10 16:09:07','quiz',NULL,'ravi_07cp117','Amritapuri',68),(950,NULL,'LMS1','view','4','Maths-101','2008-07-10 16:11:45','quiz',NULL,'hridin_07cp118','Amritapuri',3),(951,NULL,'LMS1','view','4','Maths-101','2008-07-10 16:13:23','course',NULL,'resmi_07cp119','Amritapuri',71),(952,NULL,'LMS1','view','4','Maths-101','2008-07-10 16:15:02','course',NULL,'hridin_07cp118','Amritapuri',3),(953,NULL,'LMS1','view','4','Maths-101','2008-07-10 16:16:07','quiz',NULL,'ravi_07cp117','Amritapuri',68),(954,NULL,'LMS1','view','4','Maths-101','2008-07-10 16:17:15','quiz',NULL,'ravi_07cp117','Amritapuri',68),(955,NULL,'LMS1','view','4','Maths-101','2008-07-10 16:21:08','quiz',NULL,'ravi_07cp117','Amritapuri',68),(956,NULL,'LMS1','view','4','Maths-101','2008-07-10 16:21:35','course',NULL,'ravi_07cp117','Amritapuri',68),(957,NULL,'LMS1','view','4','Maths-101','2008-07-10 16:24:24','course',NULL,'ravi_07cp117','Amritapuri',68),(958,NULL,'LMS1','view','4','Maths-101','2008-07-10 16:25:06','course',NULL,'hridin_07cp118','Amritapuri',3),(959,NULL,'LMS1','view','4','Maths-101','2008-07-10 16:25:38','assignment',NULL,'ravi_07cp117','Amritapuri',68),(960,NULL,'LMS1','view','4','Maths-101','2008-07-10 16:26:11','course',NULL,'ravi_07cp117','Amritapuri',68),(961,NULL,'LMS1','view','4','Maths-101','2008-07-10 16:26:42','course',NULL,'ravi_07cp117','Amritapuri',68),(962,NULL,'LMS1','view','4','Maths-101','2008-07-10 16:27:02','assignment',NULL,'ravi_07cp117','Amritapuri',68),(963,NULL,'LMS1','view','4','Maths-101','2008-07-10 16:27:29','assignment',NULL,'hridin_07cp118','Amritapuri',3),(964,NULL,'LMS1','view','4','Maths-101','2008-07-10 16:27:54','assignment',NULL,'hridin_07cp118','Amritapuri',3),(965,NULL,'LMS1','view','4','Maths-101','2008-07-10 16:28:46','course',NULL,'admin','Amritapuri',1),(966,NULL,'LMS1','view','4','Maths-101','2008-07-10 16:33:03','course',NULL,'sumesh_07cp120','Amritapuri',69),(967,NULL,'LMS1','view','4','Maths-101','2008-07-10 16:33:41','course',NULL,'syam_07cp121','Amritapuri',70),(968,NULL,'LMS1','view','4','Maths-101','2008-07-10 16:37:19','course',NULL,'ravi_07cp117','Amritapuri',68),(969,NULL,'LMS1','view','4','Maths-101','2008-07-10 16:40:02','course',NULL,'admin','Amritapuri',1),(970,NULL,'LMS1','view','4','Maths-101','2008-07-10 16:44:10','course',NULL,'ravi_07cp117','Amritapuri',68),(971,NULL,'LMS1','view','4','Maths-101','2008-07-10 16:50:06','forum',NULL,'ravi_07cp117','Amritapuri',68),(972,NULL,'LMS1','view','4','Maths-101','2008-07-10 17:05:53','course',NULL,'ravi_07cp117','Amritapuri',68),(973,NULL,'LMS1','view','4','Maths-101','2008-07-10 17:36:32','course',NULL,'ravi_07cp117','Amritapuri',68),(974,NULL,'LMS1','view','4','Maths-101','2008-07-10 17:43:52','forum',NULL,'ravi_07cp117','Amritapuri',68),(975,NULL,'LMS1','view','4','Maths-101','2008-07-10 19:33:15','forum',NULL,'hridin_07cp118','Amritapuri',3),(976,NULL,'LMS1','view','4','Maths-101','2008-07-10 21:11:44','forum',NULL,'ravi_07cp117','Amritapuri',68),(977,NULL,'LMS1','view','4','Maths-101','2008-07-10 21:21:21','forum',NULL,'ravi_07cp117','Amritapuri',68),(978,NULL,'LMS1','view','4','Maths-101','2008-07-10 21:38:29','course',NULL,'ravi_07cp117','Amritapuri',68),(979,NULL,'LMS1','view','4','Maths-101','2008-07-10 21:42:45','course',NULL,'ravi_07cp117','Amritapuri',68),(980,NULL,'LMS1','view','4','Maths-101','2008-07-11 08:44:05','forum',NULL,'admin','Amritapuri',1),(981,NULL,'LMS1','view','4','Maths-101','2008-07-11 08:44:51','user',NULL,'sumesh_07cp120','Amritapuri',69),(982,NULL,'LMS1','view','4','Maths-101','2008-07-11 08:48:08','course',NULL,'sumesh_07cp120','Amritapuri',69),(983,NULL,'LMS1','view','4','Maths-101','2008-07-11 08:49:11','forum',NULL,'syam_07cp121','Amritapuri',70),(984,NULL,'LMS1','view','4','Maths-101','2008-07-11 08:49:35','forum',NULL,'ravi_07cp117','Amritapuri',68),(985,NULL,'LMS1','view','4','Maths-101','2008-07-11 08:49:52','forum',NULL,'admin','Amritapuri',1),(986,NULL,'LMS1','view','4','Maths-101','2008-07-11 08:50:51','forum',NULL,'admin','Amritapuri',1),(987,NULL,'LMS1','view','4','Maths-101','2008-07-11 08:51:40','forum',NULL,'admin','Amritapuri',1),(988,NULL,'LMS1','view','4','Maths-101','2008-07-11 08:52:19','course',NULL,'admin','Amritapuri',1),(989,NULL,'LMS1','view','4','Maths-101','2008-07-11 08:53:18','forum',NULL,'admin','Amritapuri',1),(990,NULL,'LMS1','add','4','Maths-101','2008-07-11 08:53:51','course',NULL,'ravi_07cp117','Amritapuri',68),(991,NULL,'LMS1','add discussion','4','Maths-101','2008-07-11 08:54:13','course',NULL,'hridin_07cp118','Amritapuri',3),(992,NULL,'LMS1','add post','4','Maths-101','2008-07-11 08:54:14','course',NULL,'resmi_07cp119','Amritapuri',71),(993,NULL,'LMS1','update','4','Maths-101','2008-07-11 08:54:34','course',NULL,'hridin_07cp118','Amritapuri',3),(994,NULL,'LMS1','view discussion','4','Maths-101','2008-07-11 08:54:42','course',NULL,'hridin_07cp118','Amritapuri',3),(995,NULL,'LMS1','view discussion','4','Maths-101','2008-07-11 08:55:03','lesson',NULL,'ravi_07cp117','Amritapuri',68),(996,NULL,'LMS1','view discussion','4','Maths-101','2008-07-11 08:55:15','course',NULL,'resmi_07cp119','Amritapuri',71),(997,NULL,'LMS1','view forum','4','Maths-101','2008-07-11 08:55:23','course',NULL,'ravi_07cp117','Amritapuri',68),(998,NULL,'LMS1','view forum','4','Maths-101','2008-07-11 08:55:34','lesson',NULL,'ravi_07cp117','Amritapuri',68),(999,NULL,'LMS1','view forum','4','Maths-101','2008-07-11 08:55:35','course',NULL,'ravi_07cp117','Amritapuri',68),(1000,NULL,'LMS1','view forum','4','Maths-101','2008-07-11 08:55:50','course',NULL,'resmi_07cp119','Amritapuri',71),(1001,NULL,'LMS1','view forum','4','Maths-101','2008-07-11 08:56:03','course',NULL,'ravi_07cp117','Amritapuri',68),(1002,NULL,'LMS1','view forum','4','Maths-101','2008-07-11 08:56:15','lesson',NULL,'ravi_07cp117','Amritapuri',68),(1003,NULL,'LMS1','end','4','Maths-101','2008-07-11 08:56:28','lesson',NULL,'ravi_07cp117','Amritapuri',68),(1004,NULL,'LMS1','start','4','Maths-101','2008-07-11 08:56:40','course',NULL,'ravi_07cp117','Amritapuri',68),(1005,NULL,'LMS1','start','5','IT-101','2008-07-11 08:56:46','course',NULL,'admin','Amritapuri',1),(1006,NULL,'LMS1','start','5','IT-101','2008-07-11 08:57:16','lesson',NULL,'admin','Amritapuri',1),(1007,NULL,'LMS1','update','5','IT-101','2008-07-11 08:57:25','course',NULL,'hridin_07cp118','Amritapuri',3),(1008,NULL,'LMS1','view','5','IT-101','2008-07-11 08:57:38','lesson',NULL,'ravi_07cp117','Amritapuri',68),(1009,NULL,'LMS1','view all','5','IT-101','2008-07-11 08:57:50','course',NULL,'ravi_07cp117','Amritapuri',68),(1010,NULL,'LMS1','add','5','IT-101','2008-07-11 08:57:51','user',NULL,'ravi_07cp117','Amritapuri',68),(1011,NULL,'LMS1','attempt','5','IT-101','2008-07-11 08:57:59','course',NULL,'ravi_07cp117','Amritapuri',68),(1012,NULL,'LMS1','attempt','5','IT-101','2008-07-11 08:58:14','course',NULL,'ravi_07cp117','Amritapuri',68),(1013,NULL,'LMS1','close attempt','5','IT-101','2008-07-11 08:58:16','course',NULL,'ravi_07cp117','Amritapuri',68),(1014,NULL,'LMS1','close attempt','5','IT-101','2008-07-11 08:58:23','user',NULL,'ravi_07cp117','Amritapuri',68),(1015,NULL,'LMS1','continue attemp','5','IT-101','2008-07-11 08:58:30','user',NULL,'ravi_07cp117','Amritapuri',68),(1016,NULL,'LMS1','continue attemp','5','IT-101','2008-07-11 08:59:11','user',NULL,'ravi_07cp117','Amritapuri',68),(1017,NULL,'LMS1','editquestions','5','IT-101','2008-07-11 08:59:28','course',NULL,'ravi_07cp117','Amritapuri',68),(1018,NULL,'LMS1','editquestions','5','IT-101','2008-07-11 08:59:49','user',NULL,'hridin_07cp118','Amritapuri',3),(1019,NULL,'LMS1','editquestions','5','IT-101','2008-07-11 09:00:10','user',NULL,'ravi_07cp117','Amritapuri',68),(1020,NULL,'LMS1','editquestions','5','IT-101','2008-07-11 09:00:21','course',NULL,'hridin_07cp118','Amritapuri',3),(1021,NULL,'LMS1','editquestions','5','IT-101','2008-07-11 09:01:07','course',NULL,'hridin_07cp118','Amritapuri',3),(1022,NULL,'LMS1','report','5','IT-101','2008-07-11 09:01:35','course',NULL,'ravi_07cp117','Amritapuri',68),(1023,NULL,'LMS1','review','5','IT-101','2008-07-11 09:02:13','course',NULL,'hridin_07cp118','Amritapuri',3),(1024,NULL,'LMS1','review','5','IT-101','2008-07-11 09:02:14','course',NULL,'ravi_07cp117','Amritapuri',68),(1025,NULL,'LMS1','update','6','Physics-101','2008-07-11 09:02:27','course',NULL,'ravi_07cp117','Amritapuri',68),(1026,NULL,'LMS1','view','6','Physics-101','2008-07-11 09:02:58','user',NULL,'hridin_07cp118','Amritapuri',3),(1027,NULL,'LMS1','view','6','Physics-101','2008-07-11 09:03:16','course',NULL,'hridin_07cp118','Amritapuri',3),(1028,NULL,'LMS1','view','6','Physics-101','2008-07-11 09:03:25','course',NULL,'ravi_07cp117','Amritapuri',68),(1029,NULL,'LMS1','view','6','Physics-101','2008-07-11 09:03:35','course',NULL,'ravi_07cp117','Amritapuri',68),(1030,NULL,'LMS1','view','6','Physics-101','2008-07-11 09:04:11','course',NULL,'ravi_07cp117','Amritapuri',68),(1031,NULL,'LMS1','view','6','Physics-101','2008-07-11 09:04:24','role',NULL,'hridin_07cp118','Amritapuri',3),(1032,NULL,'LMS1','view','6','Physics-101','2008-07-11 09:04:31','role',NULL,'ravi_07cp117','Amritapuri',68),(1033,NULL,'LMS1','assign','6','Physics-101','2008-07-11 09:04:40','user',NULL,'ravi_07cp117','Amritapuri',68),(1034,NULL,'LMS1','upload','6','Physics-101','2008-07-11 09:04:43','course',NULL,'ravi_07cp117','Amritapuri',68),(1035,NULL,'LMS1','view','6','Physics-101','2008-07-11 09:05:04','user',NULL,'ravi_07cp117','Amritapuri',68);

/*Table structure for table `person` */

CREATE TABLE `person` (
  `id` bigint(20) NOT NULL auto_increment,
  `version` bigint(20) NOT NULL,
  `description` varchar(255) NOT NULL,
  `email` varchar(255) default '',
  `email_show` bit(1) NOT NULL,
  `enabled` bit(1) NOT NULL,
  `passwd` varchar(255) NOT NULL,
  `user_real_name` varchar(255) default '',
  `username` varchar(255) NOT NULL,
  PRIMARY KEY  (`id`),
  UNIQUE KEY `username` (`username`)
) ENGINE=InnoDB DEFAULT CHARSET=latin1;

/*Data for the table `person` */

insert  into `person`(`id`,`version`,`description`,`email`,`email_show`,`enabled`,`passwd`,`user_real_name`,`username`) values (1,2,'administrator',NULL,'','','86f7e437faa5a7fce15d1ddcb9eaeaea377667b8','admin','admin@amrita.edu'),(2,2,'staff',NULL,'','','86f7e437faa5a7fce15d1ddcb9eaeaea377667b8','reshmi','raj@amrita.edu'),(3,2,'student',NULL,'','','86f7e437faa5a7fce15d1ddcb9eaeaea377667b8','anoop','hridin_07cp118@amrita.edu'),(11,0,'','','\0','','86f7e437faa5a7fce15d1ddcb9eaeaea377667b8','','superadmin'),(68,1,'',NULL,'\0','','86f7e437faa5a7fce15d1ddcb9eaeaea377667b8','ravi_07cp117','ravi_07cp117@amrita.edu'),(69,0,'','','\0','\0','','sumesh_07cp120','sumesh_07cp120@amrita.edu'),(70,0,'','','\0','\0','','syam_07cp121','syam_07cp121@amrita.edu'),(71,0,'','','\0','\0','','resmi_07cp119','resmi_07cp119@amrita.edu'),(72,0,'','','\0','\0','','am107ec041','am107ec041@amrita.edu'),(73,0,'','','\0','\0','','am107cp166','am107cp166@amrita.edu'),(74,0,'','','\0','\0','','am107cp066','am107cp066@amrita.edu'),(75,0,'','','\0','\0','','u308csc154','u308csc154@amrita.edu'),(76,0,'','','\0','\0','','u308csc152','u308csc152@amrita.edu'),(77,0,'','','\0','\0','','sathish_05it49','sathish_05it49@amrita.edu'),(78,0,'','','\0','\0','','soumya_05it54','soumya_05it54@amrita.edu'),(79,0,'','','\0','\0','','lekshmi_05it30','lekshmi_05it30@amrita.edu'),(81,1,'',NULL,'\0','','86f7e437faa5a7fce15d1ddcb9eaeaea377667b8',NULL,'testadmin@test.com');

/*Table structure for table `requestmap` */

CREATE TABLE `requestmap` (
  `id` bigint(20) NOT NULL auto_increment,
  `version` bigint(20) NOT NULL,
  `config_attribute` varchar(255) NOT NULL,
  `url` varchar(255) NOT NULL,
  PRIMARY KEY  (`id`),
  UNIQUE KEY `url` (`url`)
) ENGINE=InnoDB DEFAULT CHARSET=latin1;

/*Data for the table `requestmap` */

insert  into `requestmap`(`id`,`version`,`config_attribute`,`url`) values (1,2,'ROLE_ADMIN','/secure/**');

/*Table structure for table `site_help` */

CREATE TABLE `site_help` (
  `id` bigint(20) NOT NULL auto_increment,
  `version` bigint(20) NOT NULL,
  `contents` varchar(255) NOT NULL,
  PRIMARY KEY  (`id`)
) ENGINE=InnoDB DEFAULT CHARSET=latin1;

/*Data for the table `site_help` */

/*Table structure for table `user` */

CREATE TABLE `user` (
  `id` bigint(20) NOT NULL auto_increment,
  `version` bigint(20) NOT NULL,
  `code` varchar(255) NOT NULL,
  `email` varchar(255) NOT NULL,
  `institution_id` bigint(20) NOT NULL,
  `name` varchar(255) NOT NULL,
  `user_type` varchar(255) NOT NULL,
  PRIMARY KEY  (`id`),
  KEY `FK36EBCB132F2AF7` (`institution_id`),
  CONSTRAINT `FK36EBCB132F2AF7` FOREIGN KEY (`institution_id`) REFERENCES `institute` (`id`)
) ENGINE=InnoDB DEFAULT CHARSET=latin1;

/*Data for the table `user` */

insert  into `user`(`id`,`version`,`code`,`email`,`institution_id`,`name`,`user_type`) values (1,0,'AMRSTF1','amrstaff1@test.com',1,'arun','staff'),(2,0,'AMRSTD1','amrstud1@test.com',1,'manu','student'),(3,0,'KNPSTF1','knpstaff1@test.com',2,'tharun','staff'),(4,0,'KNPSTD1','knpstud1@test.com',2,'vipin','student');

/*!40101 SET SQL_MODE=@OLD_SQL_MODE */;
/*!40014 SET FOREIGN_KEY_CHECKS=@OLD_FOREIGN_KEY_CHECKS */;
